rank,pct_terminals,fraud_volume,cum,cum_pct
1,0.01,4421.67,4421.67,0.48
2,0.02,3629.46,8051.13,0.87
3,0.03,3206.63,11257.76,1.21
4,0.04,2791.84,14049.6,1.51
5,0.05,2572.11,16621.71,1.79
6,0.06,2524.36,19146.07,2.06
7,0.07,2351.37,21497.44,2.32
8,0.08,2316.89,23814.329999999998,2.57
9,0.09,2296.24,26110.57,2.81
10,0.1,2289.39,28399.96,3.06
11,0.11,2285.59,30685.55,3.31
12,0.12,2269.17,32954.72,3.55
13,0.13,2264.21,35218.93,3.8
14,0.14,2262.63,37481.56,4.04
15,0.15,2240.72,39722.28,4.28
16,0.16,2226.51,41948.79,4.52
17,0.17,2220.16,44168.95,4.76
18,0.18,2207.92,46376.869999999995,5.0
19,0.19,2203.0,48579.869999999995,5.24
20,0.2,2169.66,50749.53,5.47
21,0.21,2154.42,52903.95,5.7
22,0.22,2045.12,54949.07,5.92
23,0.23,2016.04,56965.11,6.14
24,0.24,2008.91,58974.020000000004,6.36
25,0.25,1989.63,60963.65,6.57
26,0.26,1986.04,62949.69,6.78
27,0.27,1963.98,64913.670000000006,7.0
28,0.28,1927.4,66841.07,7.2
29,0.29,1926.26,68767.33,7.41
30,0.3,1913.62,70680.95,7.62
31,0.31,1899.03,72579.98,7.82
32,0.32,1858.67,74438.65,8.02
33,0.33,1851.7,76290.34999999999,8.22
34,0.34,1841.05,78131.4,8.42
35,0.35,1839.62,79971.01999999999,8.62
36,0.36,1837.81,81808.82999999999,8.82
37,0.37,1827.59,83636.41999999998,9.01
38,0.38,1821.6,85458.01999999999,9.21
39,0.39,1814.11,87272.12999999999,9.41
40,0.4,1790.05,89062.18,9.6
41,0.41,1785.89,90848.06999999999,9.79
42,0.42,1778.04,92626.10999999999,9.98
43,0.43,1775.3,94401.40999999999,10.17
44,0.44,1754.07,96155.48,10.36
45,0.45,1740.91,97896.39,10.55
46,0.46,1737.35,99633.74,10.74
47,0.47,1718.31,101352.05,10.92
48,0.48,1715.76,103067.81,11.11
49,0.49,1714.2,104782.01,11.29
50,0.5,1696.18,106478.18999999999,11.48
51,0.51,1693.76,108171.94999999998,11.66
52,0.52,1686.96,109858.90999999999,11.84
53,0.53,1684.5,111543.40999999999,12.02
54,0.54,1654.34,113197.74999999999,12.2
55,0.55,1637.52,114835.26999999999,12.38
56,0.56,1630.88,116466.15,12.55
57,0.57,1621.88,118088.03,12.73
58,0.58,1614.3,119702.33,12.9
59,0.59,1612.39,121314.72,13.08
60,0.6,1612.12,122926.84,13.25
61,0.61,1591.52,124518.36,13.42
62,0.62,1585.68,126104.04,13.59
63,0.63,1583.16,127687.2,13.76
64,0.64,1569.34,129256.54,13.93
65,0.65,1552.24,130808.78,14.1
66,0.66,1547.98,132356.76,14.27
67,0.67,1547.08,133903.84,14.43
68,0.68,1529.33,135433.16999999998,14.6
69,0.69,1497.25,136930.41999999998,14.76
70,0.7,1486.46,138416.87999999998,14.92
71,0.71,1476.27,139893.14999999997,15.08
72,0.72,1458.73,141351.87999999998,15.23
73,0.73,1455.65,142807.52999999997,15.39
74,0.74,1454.88,144262.40999999997,15.55
75,0.75,1451.35,145713.75999999998,15.7
76,0.76,1451.24,147164.99999999997,15.86
77,0.77,1443.9,148608.89999999997,16.02
78,0.78,1441.46,150050.35999999996,16.17
79,0.79,1438.89,151489.24999999997,16.33
80,0.8,1436.94,152926.18999999997,16.48
81,0.81,1415.6,154341.78999999998,16.63
82,0.82,1396.48,155738.27,16.79
83,0.83,1395.76,157134.03,16.94
84,0.84,1395.29,158529.32,17.09
85,0.85,1393.89,159923.21000000002,17.24
86,0.86,1388.77,161311.98,17.39
87,0.87,1387.18,162699.16,17.54
88,0.88,1369.87,164069.03,17.68
89,0.89,1360.03,165429.06,17.83
90,0.9,1358.39,166787.45,17.98
91,0.91,1353.74,168141.19,18.12
92,0.92,1345.37,169486.56,18.27
93,0.93,1344.84,170831.4,18.41
94,0.94,1338.92,172170.32,18.56
95,0.95,1329.58,173499.9,18.7
96,0.96,1327.79,174827.69,18.84
97,0.97,1322.41,176150.1,18.99
98,0.98,1318.45,177468.55000000002,19.13
99,0.99,1313.31,178781.86000000002,19.27
100,1.0,1311.02,180092.88,19.41
101,1.01,1303.1,181395.98,19.55
102,1.02,1292.56,182688.54,19.69
103,1.03,1291.1,183979.64,19.83
104,1.04,1288.62,185268.26,19.97
105,1.05,1288.2,186556.46000000002,20.11
106,1.06,1287.93,187844.39,20.25
107,1.07,1278.08,189122.47,20.38
108,1.08,1277.35,190399.82,20.52
109,1.09,1276.49,191676.31,20.66
110,1.1,1266.1,192942.41,20.8
111,1.11,1265.65,194208.06,20.93
112,1.12,1263.4,195471.46,21.07
113,1.13,1263.2,196734.66,21.2
114,1.14,1257.97,197992.63,21.34
115,1.15,1250.25,199242.88,21.47
116,1.16,1250.04,200492.92,21.61
117,1.17,1248.5,201741.42,21.74
118,1.18,1247.77,202989.19,21.88
119,1.19,1234.4,204223.59,22.01
120,1.2,1231.56,205455.15,22.14
121,1.21,1224.16,206679.31,22.28
122,1.22,1221.0,207900.31,22.41
123,1.23,1208.65,209108.96,22.54
124,1.24,1206.38,210315.34,22.67
125,1.25,1194.3,211509.63999999998,22.8
126,1.26,1191.17,212700.81,22.92
127,1.27,1181.13,213881.94,23.05
128,1.28,1175.41,215057.35,23.18
129,1.29,1159.45,216216.80000000002,23.3
130,1.3,1157.79,217374.59000000003,23.43
131,1.31,1151.25,218525.84000000003,23.55
132,1.32,1149.69,219675.53000000003,23.68
133,1.33,1143.2,220818.73000000004,23.8
134,1.34,1131.0,221949.73000000004,23.92
135,1.35,1125.0,223074.73000000004,24.04
136,1.36,1119.15,224193.88000000003,24.16
137,1.37,1113.1,225306.98000000004,24.28
138,1.38,1103.14,226410.12000000005,24.4
139,1.39,1099.49,227509.61000000004,24.52
140,1.4,1079.25,228588.86000000004,24.64
141,1.41,1076.87,229665.73000000004,24.75
142,1.42,1073.51,230739.24000000005,24.87
143,1.43,1067.16,231806.40000000005,24.98
144,1.44,1066.8,232873.20000000004,25.1
145,1.45,1060.85,233934.05000000005,25.21
146,1.46,1054.85,234988.90000000005,25.33
147,1.47,1048.49,236037.39000000004,25.44
148,1.48,1044.04,237081.43000000005,25.55
149,1.49,1043.84,238125.27000000005,25.66
150,1.5,1039.3,239164.57000000004,25.78
151,1.51,1030.29,240194.86000000004,25.89
152,1.52,1027.43,241222.29000000004,26.0
153,1.53,1025.85,242248.14000000004,26.11
154,1.54,1024.17,243272.31000000006,26.22
155,1.55,1023.35,244295.66000000006,26.33
156,1.56,1019.7,245315.36000000007,26.44
157,1.57,1008.85,246324.21000000008,26.55
158,1.58,1005.2,247329.4100000001,26.66
159,1.59,1002.75,248332.1600000001,26.76
160,1.6,1000.45,249332.6100000001,26.87
161,1.61,1000.13,250332.7400000001,26.98
162,1.62,996.55,251329.2900000001,27.09
163,1.63,996.2,252325.4900000001,27.2
164,1.64,994.65,253320.1400000001,27.3
165,1.65,990.3,254310.4400000001,27.41
166,1.66,987.44,255297.8800000001,27.52
167,1.67,983.89,256281.7700000001,27.62
168,1.68,979.4,257261.1700000001,27.73
169,1.69,968.75,258229.9200000001,27.83
170,1.7,967.3,259197.2200000001,27.94
171,1.71,965.35,260162.5700000001,28.04
172,1.72,960.4,261122.9700000001,28.14
173,1.73,948.8,262071.77000000008,28.25
174,1.74,948.56,263020.3300000001,28.35
175,1.75,947.4,263967.7300000001,28.45
176,1.76,944.29,264912.0200000001,28.55
177,1.77,943.7,265855.7200000001,28.65
178,1.78,942.9,266798.6200000001,28.76
179,1.79,934.65,267733.27000000014,28.86
180,1.8,934.6,268667.8700000001,28.96
181,1.81,929.55,269597.4200000001,29.06
182,1.82,923.15,270520.5700000001,29.16
183,1.83,922.1,271442.6700000001,29.26
184,1.84,920.93,272363.6000000001,29.35
185,1.85,920.16,273283.76000000007,29.45
186,1.86,917.94,274201.70000000007,29.55
187,1.87,915.85,275117.55000000005,29.65
188,1.88,905.62,276023.17000000004,29.75
189,1.89,901.8,276924.97000000003,29.85
190,1.9,900.05,277825.02,29.94
191,1.91,898.45,278723.47000000003,30.04
192,1.92,897.93,279621.4,30.14
193,1.93,896.92,280518.32,30.23
194,1.94,893.65,281411.97000000003,30.33
195,1.95,892.5,282304.47000000003,30.43
196,1.96,885.65,283190.12000000005,30.52
197,1.97,883.9,284074.0200000001,30.62
198,1.98,883.35,284957.37000000005,30.71
199,1.99,880.1,285837.47000000003,30.81
200,2.0,879.4,286716.87000000005,30.9
201,2.01,877.12,287593.99000000005,31.0
202,2.02,876.63,288470.62000000005,31.09
203,2.03,874.37,289344.99000000005,31.19
204,2.04,868.21,290213.20000000007,31.28
205,2.05,852.15,291065.3500000001,31.37
206,2.06,851.95,291917.3000000001,31.46
207,2.07,851.73,292769.0300000001,31.55
208,2.08,850.95,293619.9800000001,31.65
209,2.09,849.72,294469.70000000007,31.74
210,2.1,848.85,295318.55000000005,31.83
211,2.11,848.05,296166.60000000003,31.92
212,2.12,847.95,297014.55000000005,32.01
213,2.13,846.76,297861.31000000006,32.1
214,2.14,845.48,298706.79000000004,32.19
215,2.15,839.19,299545.98000000004,32.28
216,2.16,839.0,300384.98000000004,32.38
217,2.17,837.85,301222.83,32.47
218,2.18,832.2,302055.03,32.56
219,2.19,831.0,302886.03,32.64
220,2.2,825.85,303711.88,32.73
221,2.21,825.74,304537.62,32.82
222,2.22,824.5,305362.12,32.91
223,2.23,821.9,306184.02,33.0
224,2.24,818.4,307002.42000000004,33.09
225,2.25,817.55,307819.97000000003,33.18
226,2.26,812.17,308632.14,33.26
227,2.27,812.15,309444.29000000004,33.35
228,2.28,810.93,310255.22000000003,33.44
229,2.29,806.35,311061.57,33.53
230,2.3,805.65,311867.22000000003,33.61
231,2.31,801.65,312668.87000000005,33.7
232,2.32,800.11,313468.98000000004,33.79
233,2.33,800.1,314269.08,33.87
234,2.34,800.0,315069.08,33.96
235,2.35,799.43,315868.51,34.04
236,2.36,796.87,316665.38,34.13
237,2.37,791.54,317456.92,34.22
238,2.38,791.11,318248.02999999997,34.3
239,2.39,789.45,319037.48,34.39
240,2.4,781.55,319819.02999999997,34.47
241,2.41,778.75,320597.77999999997,34.55
242,2.42,774.9,321372.68,34.64
243,2.43,774.6,322147.27999999997,34.72
244,2.44,772.05,322919.32999999996,34.8
245,2.45,772.0,323691.32999999996,34.89
246,2.46,771.7,324463.02999999997,34.97
247,2.47,770.25,325233.27999999997,35.05
248,2.48,770.23,326003.50999999995,35.14
249,2.49,768.45,326771.95999999996,35.22
250,2.5,765.7,327537.66,35.3
251,2.51,763.55,328301.20999999996,35.38
252,2.52,761.8,329063.00999999995,35.47
253,2.53,761.55,329824.55999999994,35.55
254,2.54,761.08,330585.63999999996,35.63
255,2.55,757.62,331343.25999999995,35.71
256,2.56,756.52,332099.77999999997,35.79
257,2.57,755.0,332854.77999999997,35.87
258,2.58,754.8,333609.57999999996,35.96
259,2.59,753.7,334363.27999999997,36.04
260,2.6,753.5,335116.77999999997,36.12
261,2.61,752.77,335869.55,36.2
262,2.62,748.85,336618.39999999997,36.28
263,2.63,748.5,337366.89999999997,36.36
264,2.64,748.45,338115.35,36.44
265,2.65,746.5,338861.85,36.52
266,2.66,744.85,339606.69999999995,36.6
267,2.67,744.55,340351.24999999994,36.68
268,2.68,742.25,341093.49999999994,36.76
269,2.69,740.7,341834.19999999995,36.84
270,2.7,739.25,342573.44999999995,36.92
271,2.71,738.0,343311.44999999995,37.0
272,2.72,736.9,344048.35,37.08
273,2.73,735.81,344784.16,37.16
274,2.74,735.19,345519.35,37.24
275,2.75,734.83,346254.18,37.32
276,2.76,734.55,346988.73,37.4
277,2.77,734.2,347722.93,37.48
278,2.78,733.8,348456.73,37.56
279,2.79,732.15,349188.88,37.64
280,2.8,728.9,349917.78,37.71
281,2.81,727.5,350645.28,37.79
282,2.82,726.65,351371.93000000005,37.87
283,2.83,725.35,352097.28,37.95
284,2.84,723.4,352820.68000000005,38.03
285,2.85,723.2,353543.88000000006,38.1
286,2.86,723.15,354267.0300000001,38.18
287,2.87,722.45,354989.4800000001,38.26
288,2.88,717.67,355707.1500000001,38.34
289,2.89,716.7,356423.8500000001,38.41
290,2.9,716.61,357140.4600000001,38.49
291,2.91,716.5,357856.9600000001,38.57
292,2.92,715.28,358572.2400000001,38.65
293,2.93,714.75,359286.9900000001,38.72
294,2.94,712.95,359999.9400000001,38.8
295,2.95,712.7,360712.64000000013,38.88
296,2.96,711.55,361424.1900000001,38.95
297,2.97,711.4,362135.59000000014,39.03
298,2.98,709.55,362845.14000000013,39.11
299,2.99,708.2,363553.34000000014,39.18
300,3.0,706.8,364260.14000000013,39.26
301,3.01,705.2,364965.34000000014,39.34
302,3.02,702.9,365668.24000000017,39.41
303,3.03,702.85,366371.09000000014,39.49
304,3.04,701.3,367072.39000000013,39.56
305,3.05,700.6,367772.9900000001,39.64
306,3.06,700.37,368473.3600000001,39.71
307,3.07,700.0,369173.3600000001,39.79
308,3.08,699.2,369872.5600000001,39.86
309,3.09,697.3,370569.8600000001,39.94
310,3.1,697.0,371266.8600000001,40.01
311,3.11,696.95,371963.8100000001,40.09
312,3.12,696.75,372660.5600000001,40.16
313,3.13,695.15,373355.71000000014,40.24
314,3.14,693.9,374049.61000000016,40.31
315,3.15,693.35,374742.96000000014,40.39
316,3.16,693.0,375435.96000000014,40.46
317,3.17,692.15,376128.11000000016,40.54
318,3.18,690.8,376818.91000000015,40.61
319,3.19,690.2,377509.11000000016,40.69
320,3.2,688.3,378197.41000000015,40.76
321,3.21,687.45,378884.86000000016,40.84
322,3.22,687.15,379572.0100000002,40.91
323,3.23,686.96,380258.9700000002,40.98
324,3.24,686.85,380945.8200000002,41.06
325,3.25,686.67,381632.49000000017,41.13
326,3.26,686.05,382318.54000000015,41.21
327,3.27,685.15,383003.6900000002,41.28
328,3.28,684.58,383688.2700000002,41.35
329,3.29,683.35,384371.62000000017,41.43
330,3.3,682.8,385054.42000000016,41.5
331,3.31,682.4,385736.8200000002,41.57
332,3.32,680.45,386417.2700000002,41.65
333,3.33,680.05,387097.3200000002,41.72
334,3.34,678.25,387775.5700000002,41.79
335,3.35,676.57,388452.1400000002,41.87
336,3.36,676.15,389128.2900000002,41.94
337,3.37,675.91,389804.2000000002,42.01
338,3.38,675.34,390479.5400000002,42.09
339,3.39,675.0,391154.5400000002,42.16
340,3.4,674.95,391829.4900000002,42.23
341,3.41,673.95,392503.44000000024,42.3
342,3.42,673.65,393177.09000000026,42.38
343,3.43,672.8,393849.89000000025,42.45
344,3.44,672.1,394521.9900000002,42.52
345,3.45,671.86,395193.8500000002,42.59
346,3.46,669.3,395863.1500000002,42.67
347,3.47,663.6,396526.7500000002,42.74
348,3.48,662.45,397189.2000000002,42.81
349,3.49,662.3,397851.5000000002,42.88
350,3.5,659.65,398511.1500000002,42.95
351,3.51,659.65,399170.8000000002,43.02
352,3.52,657.95,399828.75000000023,43.09
353,3.53,657.55,400486.3000000002,43.16
354,3.54,656.8,401143.1000000002,43.23
355,3.55,655.3,401798.4000000002,43.31
356,3.56,655.15,402453.5500000002,43.38
357,3.57,654.3,403107.8500000002,43.45
358,3.58,654.15,403762.00000000023,43.52
359,3.59,650.05,404412.0500000002,43.59
360,3.6,646.7,405058.75000000023,43.66
361,3.61,645.95,405704.70000000024,43.73
362,3.62,645.25,406349.95000000024,43.8
363,3.63,644.95,406994.90000000026,43.87
364,3.64,642.1,407637.00000000023,43.93
365,3.65,641.65,408278.65000000026,44.0
366,3.66,641.0,408919.65000000026,44.07
367,3.67,637.35,409557.00000000023,44.14
368,3.68,636.7,410193.70000000024,44.21
369,3.69,635.95,410829.65000000026,44.28
370,3.7,635.4,411465.0500000003,44.35
371,3.71,635.2,412100.2500000003,44.42
372,3.72,634.25,412734.5000000003,44.48
373,3.73,633.65,413368.1500000003,44.55
374,3.74,632.84,414000.99000000034,44.62
375,3.75,632.78,414633.77000000037,44.69
376,3.76,630.85,415264.62000000034,44.76
377,3.77,630.34,415894.96000000037,44.82
378,3.78,629.55,416524.51000000036,44.89
379,3.79,628.95,417153.46000000037,44.96
380,3.8,625.35,417778.81000000035,45.03
381,3.81,624.9,418403.71000000037,45.09
382,3.82,622.99,419026.70000000036,45.16
383,3.83,622.45,419649.1500000004,45.23
384,3.84,619.95,420269.1000000004,45.3
385,3.85,619.6,420888.70000000036,45.36
386,3.86,618.35,421507.05000000034,45.43
387,3.87,617.9,422124.95000000036,45.5
388,3.88,617.05,422742.00000000035,45.56
389,3.89,616.8,423358.80000000034,45.63
390,3.9,616.1,423974.9000000003,45.7
391,3.91,615.06,424589.9600000003,45.76
392,3.92,614.52,425204.48000000033,45.83
393,3.93,613.95,425818.43000000034,45.89
394,3.94,611.8,426430.23000000033,45.96
395,3.95,610.15,427040.38000000035,46.03
396,3.96,609.75,427650.13000000035,46.09
397,3.97,608.85,428258.98000000033,46.16
398,3.98,608.4,428867.38000000035,46.22
399,3.99,606.1,429473.48000000033,46.29
400,4.0,605.75,430079.23000000033,46.35
401,4.01,604.7,430683.93000000034,46.42
402,4.02,604.15,431288.08000000037,46.48
403,4.03,603.3,431891.38000000035,46.55
404,4.04,602.5,432493.88000000035,46.61
405,4.05,602.1,433095.98000000033,46.68
406,4.06,601.95,433697.93000000034,46.74
407,4.07,601.45,434299.38000000035,46.81
408,4.08,600.85,434900.23000000033,46.87
409,4.09,598.3,435498.5300000003,46.94
410,4.1,597.25,436095.7800000003,47.0
411,4.11,596.75,436692.5300000003,47.07
412,4.12,596.0,437288.5300000003,47.13
413,4.13,595.9,437884.43000000034,47.19
414,4.14,595.7,438480.13000000035,47.26
415,4.15,594.44,439074.57000000036,47.32
416,4.16,591.65,439666.2200000004,47.39
417,4.17,591.29,440257.51000000036,47.45
418,4.18,590.6,440848.11000000034,47.51
419,4.19,589.56,441437.67000000033,47.58
420,4.2,589.51,442027.18000000034,47.64
421,4.21,589.5,442616.68000000034,47.7
422,4.22,589.35,443206.0300000003,47.77
423,4.23,588.45,443794.48000000033,47.83
424,4.24,587.75,444382.23000000033,47.89
425,4.25,587.7,444969.93000000034,47.96
426,4.26,587.7,445557.63000000035,48.02
427,4.27,582.85,446140.48000000033,48.08
428,4.28,580.5,446720.98000000033,48.15
429,4.29,579.55,447300.5300000003,48.21
430,4.3,578.65,447879.18000000034,48.27
431,4.31,576.92,448456.1000000003,48.33
432,4.32,576.9,449033.00000000035,48.4
433,4.33,575.77,449608.77000000037,48.46
434,4.34,574.59,450183.3600000004,48.52
435,4.35,574.0,450757.3600000004,48.58
436,4.36,571.8,451329.1600000004,48.64
437,4.37,571.05,451900.21000000037,48.71
438,4.38,569.85,452470.06000000035,48.77
439,4.39,569.15,453039.21000000037,48.83
440,4.4,569.0,453608.21000000037,48.89
441,4.41,568.65,454176.8600000004,48.95
442,4.42,568.4,454745.2600000004,49.01
443,4.43,568.07,455313.3300000004,49.07
444,4.44,567.95,455881.28000000044,49.13
445,4.45,567.6,456448.8800000004,49.2
446,4.46,567.35,457016.2300000004,49.26
447,4.47,567.15,457583.3800000004,49.32
448,4.48,566.4,458149.78000000044,49.38
449,4.49,565.75,458715.53000000044,49.44
450,4.5,564.35,459279.8800000004,49.5
451,4.51,563.05,459842.9300000004,49.56
452,4.52,561.8,460404.7300000004,49.62
453,4.53,560.65,460965.3800000004,49.68
454,4.54,560.34,461525.72000000044,49.74
455,4.55,560.2,462085.92000000045,49.8
456,4.56,559.5,462645.42000000045,49.86
457,4.57,555.7,463201.12000000046,49.92
458,4.58,554.65,463755.7700000005,49.98
459,4.59,554.55,464310.3200000005,50.04
460,4.6,553.65,464863.9700000005,50.1
461,4.61,553.6,465417.5700000005,50.16
462,4.62,552.5,465970.0700000005,50.22
463,4.63,552.4,466522.4700000005,50.28
464,4.64,552.0,467074.4700000005,50.34
465,4.65,551.4,467625.8700000005,50.4
466,4.66,550.26,468176.1300000005,50.46
467,4.67,549.5,468725.6300000005,50.52
468,4.68,549.15,469274.78000000055,50.58
469,4.69,549.0,469823.78000000055,50.64
470,4.7,548.85,470372.6300000005,50.7
471,4.71,548.5,470921.1300000005,50.76
472,4.72,546.9,471468.03000000055,50.81
473,4.73,545.1,472013.1300000005,50.87
474,4.74,545.05,472558.1800000005,50.93
475,4.75,544.79,473102.9700000005,50.99
476,4.76,543.25,473646.2200000005,51.05
477,4.77,542.95,474189.1700000005,51.11
478,4.78,542.35,474731.5200000005,51.17
479,4.79,541.5,475273.0200000005,51.22
480,4.8,539.8,475812.8200000005,51.28
481,4.81,538.85,476351.67000000045,51.34
482,4.82,538.8,476890.47000000044,51.4
483,4.83,538.5,477428.97000000044,51.46
484,4.84,537.9,477966.87000000046,51.51
485,4.85,534.9,478501.7700000005,51.57
486,4.86,534.48,479036.25000000047,51.63
487,4.87,533.0,479569.25000000047,51.69
488,4.88,532.7,480101.9500000005,51.74
489,4.89,532.1,480634.05000000045,51.8
490,4.9,532.05,481166.10000000044,51.86
491,4.91,530.75,481696.85000000044,51.92
492,4.92,530.65,482227.50000000047,51.97
493,4.93,530.55,482758.05000000045,52.03
494,4.94,530.3,483288.35000000044,52.09
495,4.95,529.95,483818.30000000045,52.15
496,4.96,528.18,484346.48000000045,52.2
497,4.97,526.74,484873.22000000044,52.26
498,4.98,526.7,485399.92000000045,52.32
499,4.99,526.65,485926.5700000005,52.37
500,5.0,526.45,486453.0200000005,52.43
501,5.01,526.0,486979.0200000005,52.49
502,5.02,525.7,487504.7200000005,52.54
503,5.03,525.3,488030.0200000005,52.6
504,5.04,524.85,488554.87000000046,52.66
505,5.05,524.65,489079.5200000005,52.71
506,5.06,524.65,489604.1700000005,52.77
507,5.07,524.62,490128.7900000005,52.83
508,5.08,524.15,490652.9400000005,52.88
509,5.09,523.5,491176.4400000005,52.94
510,5.1,523.2,491699.64000000054,52.99
511,5.11,522.2,492221.84000000055,53.05
512,5.12,521.9,492743.7400000006,53.11
513,5.13,521.9,493265.6400000006,53.16
514,5.14,521.83,493787.4700000006,53.22
515,5.15,521.6,494309.0700000006,53.28
516,5.16,520.45,494829.5200000006,53.33
517,5.17,519.6,495349.1200000006,53.39
518,5.18,519.15,495868.2700000006,53.44
519,5.19,518.65,496386.9200000006,53.5
520,5.2,518.1,496905.0200000006,53.56
521,5.21,517.65,497422.6700000006,53.61
522,5.22,517.45,497940.12000000064,53.67
523,5.23,516.6,498456.7200000006,53.72
524,5.24,516.4,498973.12000000064,53.78
525,5.25,516.25,499489.37000000064,53.83
526,5.26,516.06,500005.43000000063,53.89
527,5.27,514.75,500520.18000000063,53.95
528,5.28,514.65,501034.83000000066,54.0
529,5.29,514.6,501549.43000000063,54.06
530,5.3,514.55,502063.9800000006,54.11
531,5.31,513.15,502577.13000000064,54.17
532,5.32,512.7,503089.83000000066,54.22
533,5.33,511.65,503601.4800000007,54.28
534,5.34,511.0,504112.4800000007,54.33
535,5.35,509.6,504622.08000000066,54.39
536,5.36,509.45,505131.53000000067,54.44
537,5.37,508.4,505639.9300000007,54.5
538,5.38,507.6,506147.53000000067,54.55
539,5.39,507.1,506654.63000000064,54.61
540,5.4,507.05,507161.68000000063,54.66
541,5.41,506.9,507668.58000000066,54.72
542,5.42,506.85,508175.43000000063,54.77
543,5.43,506.7,508682.13000000064,54.83
544,5.44,505.95,509188.08000000066,54.88
545,5.45,505.1,509693.18000000063,54.93
546,5.46,504.21,510197.39000000065,54.99
547,5.47,504.2,510701.59000000067,55.04
548,5.48,503.75,511205.34000000067,55.1
549,5.49,502.55,511707.89000000065,55.15
550,5.5,501.7,512209.59000000067,55.21
551,5.51,501.67,512711.26000000065,55.26
552,5.52,500.8,513212.06000000064,55.31
553,5.53,500.75,513712.81000000064,55.37
554,5.54,499.65,514212.46000000066,55.42
555,5.55,499.65,514712.1100000007,55.47
556,5.56,499.45,515211.5600000007,55.53
557,5.57,498.95,515710.5100000007,55.58
558,5.58,497.55,516208.0600000007,55.64
559,5.59,497.35,516705.4100000007,55.69
560,5.6,497.15,517202.5600000007,55.74
561,5.61,496.9,517699.4600000007,55.8
562,5.62,496.7,518196.16000000073,55.85
563,5.63,496.45,518692.61000000074,55.9
564,5.64,496.05,519188.66000000073,55.96
565,5.65,495.85,519684.5100000007,56.01
566,5.66,495.65,520180.16000000073,56.06
567,5.67,495.15,520675.31000000075,56.12
568,5.68,495.05,521170.36000000074,56.17
569,5.69,495.05,521665.41000000073,56.22
570,5.7,494.85,522160.2600000007,56.28
571,5.71,494.45,522654.7100000007,56.33
572,5.72,494.2,523148.91000000073,56.38
573,5.73,490.7,523639.61000000074,56.44
574,5.74,489.7,524129.31000000075,56.49
575,5.75,489.6,524618.9100000007,56.54
576,5.76,488.9,525107.8100000008,56.6
577,5.77,488.0,525595.8100000008,56.65
578,5.78,487.85,526083.6600000007,56.7
579,5.79,487.7,526571.3600000007,56.75
580,5.8,487.35,527058.7100000007,56.81
581,5.81,487.34,527546.0500000006,56.86
582,5.82,487.15,528033.2000000007,56.91
583,5.83,487.07,528520.2700000006,56.96
584,5.84,487.05,529007.3200000006,57.02
585,5.85,486.9,529494.2200000007,57.07
586,5.86,486.69,529980.9100000006,57.12
587,5.87,486.65,530467.5600000006,57.17
588,5.88,486.07,530953.6300000006,57.23
589,5.89,485.15,531438.7800000006,57.28
590,5.9,485.05,531923.8300000007,57.33
591,5.91,484.95,532408.7800000006,57.38
592,5.92,484.5,532893.2800000006,57.43
593,5.93,483.35,533376.6300000006,57.49
594,5.94,483.1,533859.7300000006,57.54
595,5.95,482.18,534341.9100000006,57.59
596,5.96,481.17,534823.0800000007,57.64
597,5.97,480.9,535303.9800000007,57.69
598,5.98,480.55,535784.5300000007,57.75
599,5.99,480.25,536264.7800000007,57.8
600,6.0,480.15,536744.9300000007,57.85
601,6.01,479.9,537224.8300000008,57.9
602,6.02,479.8,537704.6300000008,57.95
603,6.03,479.75,538184.3800000008,58.0
604,6.04,479.65,538664.0300000008,58.06
605,6.05,478.95,539142.9800000008,58.11
606,6.06,478.35,539621.3300000008,58.16
607,6.07,477.35,540098.6800000007,58.21
608,6.08,477.05,540575.7300000008,58.26
609,6.09,476.95,541052.6800000007,58.31
610,6.1,476.7,541529.3800000007,58.37
611,6.11,476.05,542005.4300000007,58.42
612,6.12,475.8,542481.2300000008,58.47
613,6.13,475.7,542956.9300000007,58.52
614,6.14,475.15,543432.0800000008,58.57
615,6.15,475.04,543907.1200000008,58.62
616,6.16,474.73,544381.8500000008,58.67
617,6.17,474.55,544856.4000000008,58.72
618,6.18,474.51,545330.9100000008,58.78
619,6.19,474.1,545805.0100000008,58.83
620,6.2,473.65,546278.6600000008,58.88
621,6.21,472.15,546750.8100000009,58.93
622,6.22,472.15,547222.9600000009,58.98
623,6.23,471.95,547694.9100000008,59.03
624,6.24,471.5,548166.4100000008,59.08
625,6.25,470.9,548637.3100000009,59.13
626,6.26,470.5,549107.8100000009,59.18
627,6.27,470.2,549578.0100000008,59.23
628,6.28,469.5,550047.5100000008,59.28
629,6.29,469.45,550516.9600000008,59.33
630,6.3,469.05,550986.0100000008,59.38
631,6.31,468.0,551454.0100000008,59.43
632,6.32,467.8,551921.8100000009,59.49
633,6.33,467.06,552388.8700000009,59.54
634,6.34,466.95,552855.8200000009,59.59
635,6.35,466.75,553322.5700000009,59.64
636,6.36,466.3,553788.8700000009,59.69
637,6.37,465.81,554254.680000001,59.74
638,6.38,465.7,554720.3800000009,59.79
639,6.39,464.75,555185.1300000009,59.84
640,6.4,462.4,555647.530000001,59.89
641,6.41,461.9,556109.430000001,59.94
642,6.42,461.15,556570.580000001,59.99
643,6.43,460.95,557031.530000001,60.04
644,6.44,460.9,557492.430000001,60.09
645,6.45,458.8,557951.230000001,60.14
646,6.46,458.7,558409.930000001,60.18
647,6.47,458.4,558868.330000001,60.23
648,6.48,458.2,559326.530000001,60.28
649,6.49,457.2,559783.7300000009,60.33
650,6.5,456.55,560240.280000001,60.38
651,6.51,456.35,560696.6300000009,60.43
652,6.52,456.34,561152.9700000009,60.48
653,6.53,456.25,561609.2200000009,60.53
654,6.54,456.2,562065.4200000009,60.58
655,6.55,455.95,562521.3700000008,60.63
656,6.56,455.88,562977.2500000008,60.68
657,6.57,455.75,563433.0000000008,60.73
658,6.58,455.0,563888.0000000008,60.78
659,6.59,454.99,564342.9900000008,60.82
660,6.6,454.35,564797.3400000008,60.87
661,6.61,454.2,565251.5400000007,60.92
662,6.62,454.0,565705.5400000007,60.97
663,6.63,453.75,566159.2900000007,61.02
664,6.64,453.36,566612.6500000007,61.07
665,6.65,450.56,567063.2100000008,61.12
666,6.66,449.85,567513.0600000008,61.17
667,6.67,449.83,567962.8900000007,61.21
668,6.68,447.7,568410.5900000007,61.26
669,6.69,447.6,568858.1900000006,61.31
670,6.7,446.65,569304.8400000007,61.36
671,6.71,446.6,569751.4400000006,61.41
672,6.72,446.2,570197.6400000006,61.46
673,6.73,444.7,570642.3400000005,61.5
674,6.74,444.3,571086.6400000006,61.55
675,6.75,443.55,571530.1900000006,61.6
676,6.76,440.3,571970.4900000007,61.65
677,6.77,440.15,572410.6400000007,61.69
678,6.78,440.1,572850.7400000007,61.74
679,6.79,438.0,573288.7400000007,61.79
680,6.8,437.7,573726.4400000006,61.84
681,6.81,437.65,574164.0900000007,61.88
682,6.82,437.2,574601.2900000006,61.93
683,6.83,437.15,575038.4400000006,61.98
684,6.84,437.15,575475.5900000007,62.02
685,6.85,436.75,575912.3400000007,62.07
686,6.86,436.45,576348.7900000006,62.12
687,6.87,436.15,576784.9400000006,62.17
688,6.88,435.6,577220.5400000006,62.21
689,6.89,435.55,577656.0900000007,62.26
690,6.9,435.2,578091.2900000006,62.31
691,6.91,434.15,578525.4400000006,62.35
692,6.92,433.5,578958.9400000006,62.4
693,6.93,433.2,579392.1400000006,62.45
694,6.94,432.85,579824.9900000006,62.49
695,6.95,431.85,580256.8400000005,62.54
696,6.96,430.55,580687.3900000006,62.59
697,6.97,430.5,581117.8900000006,62.63
698,6.98,429.6,581547.4900000006,62.68
699,6.99,429.35,581976.8400000005,62.72
700,7.0,429.2,582406.0400000005,62.77
701,7.01,429.15,582835.1900000005,62.82
702,7.02,428.6,583263.7900000005,62.86
703,7.03,427.85,583691.6400000005,62.91
704,7.04,427.12,584118.7600000005,62.96
705,7.05,426.4,584545.1600000005,63.0
706,7.06,426.3,584971.4600000005,63.05
707,7.07,426.0,585397.4600000005,63.09
708,7.08,425.1,585822.5600000005,63.14
709,7.09,424.65,586247.2100000005,63.18
710,7.1,424.1,586671.3100000005,63.23
711,7.11,424.0,587095.3100000005,63.28
712,7.12,423.9,587519.2100000005,63.32
713,7.13,423.5,587942.7100000005,63.37
714,7.14,423.15,588365.8600000006,63.41
715,7.15,422.7,588788.5600000005,63.46
716,7.16,422.0,589210.5600000005,63.5
717,7.17,421.6,589632.1600000005,63.55
718,7.18,421.6,590053.7600000005,63.6
719,7.19,421.55,590475.3100000005,63.64
720,7.2,420.95,590896.2600000005,63.69
721,7.21,420.15,591316.4100000005,63.73
722,7.22,419.9,591736.3100000005,63.78
723,7.23,419.2,592155.5100000005,63.82
724,7.24,417.85,592573.3600000005,63.87
725,7.25,415.9,592989.2600000005,63.91
726,7.26,415.7,593404.9600000004,63.96
727,7.27,415.7,593820.6600000004,64.0
728,7.28,415.7,594236.3600000003,64.05
729,7.29,415.65,594652.0100000004,64.09
730,7.3,415.45,595067.4600000003,64.14
731,7.31,414.85,595482.3100000003,64.18
732,7.32,414.8,595897.1100000003,64.22
733,7.33,414.65,596311.7600000004,64.27
734,7.34,414.0,596725.7600000004,64.31
735,7.35,413.85,597139.6100000003,64.36
736,7.36,413.8,597553.4100000004,64.4
737,7.37,413.3,597966.7100000004,64.45
738,7.38,413.1,598379.8100000004,64.49
739,7.39,412.95,598792.7600000004,64.54
740,7.4,412.4,599205.1600000004,64.58
741,7.41,412.1,599617.2600000004,64.63
742,7.42,411.45,600028.7100000003,64.67
743,7.43,411.45,600440.1600000003,64.71
744,7.44,410.95,600851.1100000002,64.76
745,7.45,410.15,601261.2600000002,64.8
746,7.46,409.71,601670.9700000002,64.85
747,7.47,409.6,602080.5700000002,64.89
748,7.48,409.4,602489.9700000002,64.94
749,7.49,409.15,602899.1200000002,64.98
750,7.5,408.7,603307.8200000002,65.02
751,7.51,408.45,603716.2700000001,65.07
752,7.52,408.4,604124.6700000002,65.11
753,7.53,408.4,604533.0700000002,65.16
754,7.54,407.95,604941.0200000001,65.2
755,7.55,407.9,605348.9200000002,65.24
756,7.56,407.9,605756.8200000002,65.29
757,7.57,407.65,606164.4700000002,65.33
758,7.58,407.2,606571.6700000002,65.38
759,7.59,407.15,606978.8200000002,65.42
760,7.6,406.73,607385.5500000002,65.46
761,7.61,406.7,607792.2500000001,65.51
762,7.62,405.9,608198.1500000001,65.55
763,7.63,405.25,608603.4000000001,65.59
764,7.64,404.0,609007.4000000001,65.64
765,7.65,403.55,609410.9500000002,65.68
766,7.66,403.35,609814.3000000002,65.72
767,7.67,403.15,610217.4500000002,65.77
768,7.68,403.0,610620.4500000002,65.81
769,7.69,402.95,611023.4000000001,65.86
770,7.7,402.45,611425.8500000001,65.9
771,7.71,402.25,611828.1000000001,65.94
772,7.72,402.2,612230.3,65.99
773,7.73,401.95,612632.25,66.03
774,7.74,401.75,613034.0,66.07
775,7.75,400.05,613434.05,66.12
776,7.76,400.05,613834.1000000001,66.16
777,7.77,400.0,614234.1000000001,66.2
778,7.78,399.8,614633.9000000001,66.24
779,7.79,399.1,615033.0000000001,66.29
780,7.8,398.45,615431.4500000001,66.33
781,7.81,398.25,615829.7000000001,66.37
782,7.82,397.9,616227.6000000001,66.42
783,7.83,397.65,616625.2500000001,66.46
784,7.84,397.55,617022.8000000002,66.5
785,7.85,395.8,617418.6000000002,66.54
786,7.86,395.75,617814.3500000002,66.59
787,7.87,395.65,618210.0000000002,66.63
788,7.88,395.3,618605.3000000003,66.67
789,7.89,395.06,619000.3600000003,66.72
790,7.9,394.1,619394.4600000003,66.76
791,7.91,393.7,619788.1600000003,66.8
792,7.92,393.5,620181.6600000003,66.84
793,7.93,393.3,620574.9600000003,66.88
794,7.94,392.3,620967.2600000004,66.93
795,7.95,392.2,621359.4600000003,66.97
796,7.96,391.4,621750.8600000003,67.01
797,7.97,387.15,622138.0100000004,67.05
798,7.98,386.95,622524.9600000003,67.09
799,7.99,386.8,622911.7600000004,67.14
800,8.0,385.6,623297.3600000003,67.18
801,8.01,385.45,623682.8100000003,67.22
802,8.02,385.45,624068.2600000002,67.26
803,8.03,384.55,624452.8100000003,67.3
804,8.04,384.0,624836.8100000003,67.34
805,8.05,383.8,625220.6100000003,67.39
806,8.06,383.75,625604.3600000003,67.43
807,8.07,383.6,625987.9600000003,67.47
808,8.08,383.0,626370.9600000003,67.51
809,8.09,382.35,626753.3100000003,67.55
810,8.1,381.0,627134.3100000003,67.59
811,8.11,380.75,627515.0600000003,67.63
812,8.12,380.05,627895.1100000003,67.67
813,8.13,379.8,628274.9100000004,67.71
814,8.14,379.45,628654.3600000003,67.76
815,8.15,379.35,629033.7100000003,67.8
816,8.16,378.55,629412.2600000004,67.84
817,8.17,378.4,629790.6600000004,67.88
818,8.18,378.35,630169.0100000004,67.92
819,8.19,378.05,630547.0600000004,67.96
820,8.2,377.55,630924.6100000005,68.0
821,8.21,377.1,631301.7100000004,68.04
822,8.22,375.95,631677.6600000004,68.08
823,8.23,375.6,632053.2600000004,68.12
824,8.24,375.35,632428.6100000003,68.16
825,8.25,375.25,632803.8600000003,68.2
826,8.26,374.9,633178.7600000004,68.24
827,8.27,374.85,633553.6100000003,68.28
828,8.28,374.75,633928.3600000003,68.32
829,8.29,374.6,634302.9600000003,68.36
830,8.3,374.05,634677.0100000004,68.4
831,8.31,373.84,635050.8500000003,68.44
832,8.32,372.4,635423.2500000003,68.49
833,8.33,371.45,635794.7000000003,68.53
834,8.34,371.1,636165.8000000003,68.57
835,8.35,370.95,636536.7500000002,68.61
836,8.36,369.2,636905.9500000002,68.64
837,8.37,369.1,637275.0500000002,68.68
838,8.38,369.03,637644.0800000002,68.72
839,8.39,367.96,638012.0400000002,68.76
840,8.4,367.9,638379.9400000002,68.8
841,8.41,367.4,638747.3400000002,68.84
842,8.42,367.3,639114.6400000002,68.88
843,8.43,366.65,639481.2900000003,68.92
844,8.44,366.05,639847.3400000003,68.96
845,8.45,365.95,640213.2900000003,69.0
846,8.46,365.9,640579.1900000003,69.04
847,8.47,365.86,640945.0500000003,69.08
848,8.48,365.4,641310.4500000003,69.12
849,8.49,365.2,641675.6500000003,69.16
850,8.5,364.48,642040.1300000002,69.2
851,8.51,364.3,642404.4300000003,69.24
852,8.52,363.2,642767.6300000002,69.28
853,8.53,362.2,643129.8300000002,69.32
854,8.54,362.15,643491.9800000002,69.35
855,8.55,361.6,643853.5800000002,69.39
856,8.56,361.55,644215.1300000002,69.43
857,8.57,361.55,644576.6800000003,69.47
858,8.58,360.6,644937.2800000003,69.51
859,8.59,360.25,645297.5300000003,69.55
860,8.6,360.15,645657.6800000003,69.59
861,8.61,360.0,646017.6800000003,69.63
862,8.62,360.0,646377.6800000003,69.67
863,8.63,359.7,646737.3800000002,69.7
864,8.64,359.6,647096.9800000002,69.74
865,8.65,359.0,647455.9800000002,69.78
866,8.66,358.9,647814.8800000002,69.82
867,8.67,358.0,648172.8800000002,69.86
868,8.68,357.6,648530.4800000002,69.9
869,8.69,357.35,648887.8300000002,69.94
870,8.7,356.95,649244.7800000001,69.97
871,8.71,356.5,649601.2800000001,70.01
872,8.72,356.05,649957.3300000002,70.05
873,8.73,355.5,650312.8300000002,70.09
874,8.74,355.3,650668.1300000002,70.13
875,8.75,355.15,651023.2800000003,70.17
876,8.76,354.95,651378.2300000002,70.2
877,8.77,354.65,651732.8800000002,70.24
878,8.78,354.45,652087.3300000002,70.28
879,8.79,353.9,652441.2300000002,70.32
880,8.8,352.35,652793.5800000002,70.36
881,8.81,352.1,653145.6800000002,70.4
882,8.82,351.85,653497.5300000001,70.43
883,8.83,351.5,653849.0300000001,70.47
884,8.84,351.3,654200.3300000002,70.51
885,8.85,350.65,654550.9800000002,70.55
886,8.86,350.6,654901.5800000002,70.58
887,8.87,350.45,655252.0300000001,70.62
888,8.88,349.9,655601.9300000002,70.66
889,8.89,349.7,655951.6300000001,70.7
890,8.9,348.0,656299.6300000001,70.74
891,8.91,347.55,656647.1800000002,70.77
892,8.92,346.9,656994.0800000002,70.81
893,8.93,346.7,657340.7800000001,70.85
894,8.94,346.45,657687.2300000001,70.88
895,8.95,346.15,658033.3800000001,70.92
896,8.96,345.6,658378.9800000001,70.96
897,8.97,345.45,658724.43,71.0
898,8.98,345.27,659069.7000000001,71.03
899,8.99,344.7,659414.4,71.07
900,9.0,344.6,659759.0,71.11
901,9.01,344.5,660103.5,71.15
902,9.02,343.78,660447.28,71.18
903,9.03,343.65,660790.93,71.22
904,9.04,343.4,661134.3300000001,71.26
905,9.05,343.25,661477.5800000001,71.29
906,9.06,343.15,661820.7300000001,71.33
907,9.07,342.85,662163.5800000001,71.37
908,9.08,342.65,662506.2300000001,71.4
909,9.09,342.6,662848.8300000001,71.44
910,9.1,342.25,663191.0800000001,71.48
911,9.11,342.15,663533.2300000001,71.51
912,9.12,342.0,663875.2300000001,71.55
913,9.13,341.85,664217.0800000001,71.59
914,9.14,341.8,664558.8800000001,71.63
915,9.15,341.75,664900.6300000001,71.66
916,9.16,341.57,665242.2000000001,71.7
917,9.17,341.3,665583.5000000001,71.74
918,9.18,341.05,665924.5500000002,71.77
919,9.19,340.25,666264.8000000002,71.81
920,9.2,340.19,666604.9900000001,71.85
921,9.21,340.05,666945.0400000002,71.88
922,9.22,339.7,667284.7400000001,71.92
923,9.23,339.4,667624.1400000001,71.96
924,9.24,339.35,667963.4900000001,71.99
925,9.25,339.03,668302.5200000001,72.03
926,9.26,338.35,668640.8700000001,72.07
927,9.27,338.29,668979.1600000001,72.1
928,9.28,337.95,669317.1100000001,72.14
929,9.29,337.85,669654.9600000001,72.17
930,9.3,337.5,669992.4600000001,72.21
931,9.31,336.9,670329.3600000001,72.25
932,9.32,336.9,670666.2600000001,72.28
933,9.33,336.65,671002.9100000001,72.32
934,9.34,336.25,671339.1600000001,72.36
935,9.35,335.3,671674.4600000002,72.39
936,9.36,334.75,672009.2100000002,72.43
937,9.37,334.6,672343.8100000002,72.46
938,9.38,333.95,672677.7600000001,72.5
939,9.39,333.85,673011.6100000001,72.54
940,9.4,333.55,673345.1600000001,72.57
941,9.41,332.95,673678.1100000001,72.61
942,9.42,332.15,674010.2600000001,72.64
943,9.43,332.1,674342.3600000001,72.68
944,9.44,331.6,674673.9600000001,72.72
945,9.45,331.55,675005.5100000001,72.75
946,9.46,331.4,675336.9100000001,72.79
947,9.47,331.15,675668.0600000002,72.82
948,9.48,331.1,675999.1600000001,72.86
949,9.49,330.45,676329.6100000001,72.89
950,9.5,330.25,676659.8600000001,72.93
951,9.51,329.4,676989.2600000001,72.96
952,9.52,329.2,677318.4600000001,73.0
953,9.53,329.16,677647.6200000001,73.04
954,9.54,329.15,677976.7700000001,73.07
955,9.55,329.1,678305.8700000001,73.11
956,9.56,328.65,678634.5200000001,73.14
957,9.57,327.83,678962.3500000001,73.18
958,9.58,327.47,679289.8200000001,73.21
959,9.59,326.2,679616.02,73.25
960,9.6,326.05,679942.0700000001,73.28
961,9.61,325.6,680267.67,73.32
962,9.62,325.6,680593.27,73.35
963,9.63,325.05,680918.3200000001,73.39
964,9.64,324.95,681243.27,73.42
965,9.65,324.35,681567.62,73.46
966,9.66,324.25,681891.87,73.49
967,9.67,323.9,682215.77,73.53
968,9.68,323.65,682539.42,73.56
969,9.69,323.6,682863.02,73.6
970,9.7,323.2,683186.22,73.63
971,9.71,322.5,683508.72,73.67
972,9.72,321.4,683830.12,73.7
973,9.73,321.25,684151.37,73.74
974,9.74,321.05,684472.42,73.77
975,9.75,320.75,684793.17,73.81
976,9.76,320.3,685113.4700000001,73.84
977,9.77,320.3,685433.7700000001,73.88
978,9.78,320.04,685753.8100000002,73.91
979,9.79,319.35,686073.1600000001,73.94
980,9.8,318.85,686392.0100000001,73.98
981,9.81,318.1,686710.1100000001,74.01
982,9.82,316.85,687026.9600000001,74.05
983,9.83,316.45,687343.41,74.08
984,9.84,316.25,687659.66,74.12
985,9.85,316.15,687975.81,74.15
986,9.86,315.2,688291.01,74.18
987,9.87,315.1,688606.11,74.22
988,9.88,314.65,688920.76,74.25
989,9.89,314.58,689235.34,74.28
990,9.9,314.55,689549.89,74.32
991,9.91,312.77,689862.66,74.35
992,9.92,312.15,690174.81,74.39
993,9.93,312.1,690486.91,74.42
994,9.94,311.7,690798.61,74.45
995,9.95,311.65,691110.26,74.49
996,9.96,310.8,691421.06,74.52
997,9.97,310.77,691731.8300000001,74.55
998,9.98,310.6,692042.43,74.59
999,9.99,310.39,692352.8200000001,74.62
1000,10.0,309.85,692662.67,74.65
1001,10.01,309.65,692972.3200000001,74.69
1002,10.02,309.25,693281.5700000001,74.72
1003,10.03,309.23,693590.8,74.75
1004,10.04,309.1,693899.9,74.79
1005,10.05,308.85,694208.75,74.82
1006,10.06,308.6,694517.35,74.85
1007,10.07,308.15,694825.5,74.89
1008,10.08,307.65,695133.15,74.92
1009,10.09,307.4,695440.55,74.95
1010,10.1,307.25,695747.8,74.99
1011,10.11,307.1,696054.9,75.02
1012,10.12,306.71,696361.61,75.05
1013,10.13,306.35,696667.96,75.09
1014,10.14,305.7,696973.6599999999,75.12
1015,10.15,305.65,697279.3099999999,75.15
1016,10.16,304.85,697584.1599999999,75.18
1017,10.17,304.8,697888.96,75.22
1018,10.18,304.4,698193.36,75.25
1019,10.19,303.7,698497.0599999999,75.28
1020,10.2,303.43,698800.49,75.32
1021,10.21,303.17,699103.66,75.35
1022,10.22,302.75,699406.41,75.38
1023,10.23,302.6,699709.01,75.41
1024,10.24,302.25,700011.26,75.45
1025,10.25,301.85,700313.11,75.48
1026,10.26,301.75,700614.86,75.51
1027,10.27,301.55,700916.41,75.54
1028,10.28,301.4,701217.81,75.58
1029,10.29,300.92,701518.7300000001,75.61
1030,10.3,300.4,701819.1300000001,75.64
1031,10.31,300.05,702119.1800000002,75.67
1032,10.32,299.45,702418.6300000001,75.71
1033,10.33,298.8,702717.4300000002,75.74
1034,10.34,298.7,703016.1300000001,75.77
1035,10.35,298.58,703314.7100000001,75.8
1036,10.36,298.45,703613.16,75.83
1037,10.37,297.95,703911.11,75.87
1038,10.38,297.9,704209.01,75.9
1039,10.39,297.8,704506.81,75.93
1040,10.4,297.76,704804.5700000001,75.96
1041,10.41,297.55,705102.1200000001,75.99
1042,10.42,297.55,705399.6700000002,76.03
1043,10.43,295.85,705695.5200000001,76.06
1044,10.44,295.55,705991.0700000002,76.09
1045,10.45,295.4,706286.4700000002,76.12
1046,10.46,295.0,706581.4700000002,76.15
1047,10.47,293.9,706875.3700000002,76.19
1048,10.48,293.65,707169.0200000003,76.22
1049,10.49,293.62,707462.6400000002,76.25
1050,10.5,293.45,707756.0900000002,76.28
1051,10.51,293.25,708049.3400000002,76.31
1052,10.52,293.2,708342.5400000002,76.34
1053,10.53,293.15,708635.6900000002,76.38
1054,10.54,292.9,708928.5900000002,76.41
1055,10.55,292.8,709221.3900000002,76.44
1056,10.56,292.3,709513.6900000003,76.47
1057,10.57,292.2,709805.8900000002,76.5
1058,10.58,291.95,710097.8400000002,76.53
1059,10.59,291.8,710389.6400000002,76.56
1060,10.6,291.75,710681.3900000002,76.6
1061,10.61,291.5,710972.8900000002,76.63
1062,10.62,291.45,711264.3400000002,76.66
1063,10.63,291.25,711555.5900000002,76.69
1064,10.64,291.11,711846.7000000002,76.72
1065,10.65,290.8,712137.5000000002,76.75
1066,10.66,290.0,712427.5000000002,76.78
1067,10.67,289.61,712717.1100000002,76.82
1068,10.68,289.6,713006.7100000002,76.85
1069,10.69,289.05,713295.7600000002,76.88
1070,10.7,288.8,713584.5600000003,76.91
1071,10.71,288.45,713873.0100000002,76.94
1072,10.72,288.4,714161.4100000003,76.97
1073,10.73,288.15,714449.5600000003,77.0
1074,10.74,288.1,714737.6600000003,77.03
1075,10.75,287.79,715025.4500000003,77.06
1076,10.76,287.45,715312.9000000003,77.1
1077,10.77,286.8,715599.7000000003,77.13
1078,10.78,286.7,715886.4000000003,77.16
1079,10.79,286.6,716173.0000000002,77.19
1080,10.8,286.4,716459.4000000003,77.22
1081,10.81,285.9,716745.3000000003,77.25
1082,10.82,285.1,717030.4000000003,77.28
1083,10.83,284.35,717314.7500000002,77.31
1084,10.84,284.25,717599.0000000002,77.34
1085,10.85,283.1,717882.1000000002,77.37
1086,10.86,283.05,718165.1500000003,77.4
1087,10.87,282.59,718447.7400000002,77.43
1088,10.88,282.55,718730.2900000003,77.46
1089,10.89,282.5,719012.7900000003,77.49
1090,10.9,282.0,719294.7900000003,77.52
1091,10.91,281.5,719576.2900000003,77.55
1092,10.92,281.39,719857.6800000003,77.59
1093,10.93,281.35,720139.0300000003,77.62
1094,10.94,281.15,720420.1800000003,77.65
1095,10.95,280.75,720700.9300000003,77.68
1096,10.96,280.25,720981.1800000003,77.71
1097,10.97,278.65,721259.8300000003,77.74
1098,10.98,277.15,721536.9800000003,77.77
1099,10.99,276.95,721813.9300000003,77.8
1100,11.0,276.85,722090.7800000003,77.83
1101,11.01,276.4,722367.1800000003,77.86
1102,11.02,275.85,722643.0300000003,77.89
1103,11.03,275.7,722918.7300000002,77.92
1104,11.04,275.6,723194.3300000002,77.94
1105,11.05,275.6,723469.9300000002,77.97
1106,11.06,274.8,723744.7300000002,78.0
1107,11.07,274.4,724019.1300000002,78.03
1108,11.08,274.32,724293.4500000002,78.06
1109,11.09,273.25,724566.7000000002,78.09
1110,11.1,273.25,724839.9500000002,78.12
1111,11.11,272.95,725112.9000000001,78.15
1112,11.12,272.45,725385.3500000001,78.18
1113,11.13,272.25,725657.6000000001,78.21
1114,11.14,272.08,725929.68,78.24
1115,11.15,271.3,726200.9800000001,78.27
1116,11.16,271.25,726472.2300000001,78.3
1117,11.17,270.45,726742.68,78.33
1118,11.18,269.8,727012.4800000001,78.36
1119,11.19,269.72,727282.2000000001,78.39
1120,11.2,269.38,727551.5800000001,78.41
1121,11.21,268.9,727820.4800000001,78.44
1122,11.22,268.85,728089.3300000001,78.47
1123,11.23,268.8,728358.1300000001,78.5
1124,11.24,268.7,728626.8300000001,78.53
1125,11.25,268.3,728895.1300000001,78.56
1126,11.26,268.1,729163.2300000001,78.59
1127,11.27,268.0,729431.2300000001,78.62
1128,11.28,267.95,729699.18,78.65
1129,11.29,267.35,729966.53,78.67
1130,11.3,267.05,730233.5800000001,78.7
1131,11.31,266.52,730500.1000000001,78.73
1132,11.32,266.4,730766.5000000001,78.76
1133,11.33,266.34,731032.8400000001,78.79
1134,11.34,266.31,731299.1500000001,78.82
1135,11.35,265.6,731564.7500000001,78.85
1136,11.36,265.55,731830.3000000002,78.88
1137,11.37,265.35,732095.6500000001,78.9
1138,11.38,265.24,732360.8900000001,78.93
1139,11.39,265.22,732626.1100000001,78.96
1140,11.4,265.17,732891.2800000001,78.99
1141,11.41,265.15,733156.4300000002,79.02
1142,11.42,264.95,733421.3800000001,79.05
1143,11.43,264.8,733686.1800000002,79.08
1144,11.44,264.45,733950.6300000001,79.1
1145,11.45,264.42,734215.0500000002,79.13
1146,11.46,264.4,734479.4500000002,79.16
1147,11.47,264.2,734743.6500000001,79.19
1148,11.48,264.1,735007.7500000001,79.22
1149,11.49,263.9,735271.6500000001,79.25
1150,11.5,263.81,735535.4600000002,79.27
1151,11.51,263.7,735799.1600000001,79.3
1152,11.52,263.45,736062.6100000001,79.33
1153,11.53,263.22,736325.8300000001,79.36
1154,11.54,263.15,736588.9800000001,79.39
1155,11.55,263.09,736852.0700000001,79.42
1156,11.56,262.8,737114.8700000001,79.45
1157,11.57,262.8,737377.6700000002,79.47
1158,11.58,262.25,737639.9200000002,79.5
1159,11.59,262.0,737901.9200000002,79.53
1160,11.6,261.8,738163.7200000002,79.56
1161,11.61,261.65,738425.3700000002,79.59
1162,11.62,261.39,738686.7600000002,79.61
1163,11.63,260.75,738947.5100000002,79.64
1164,11.64,260.75,739208.2600000002,79.67
1165,11.65,260.7,739468.9600000002,79.7
1166,11.66,260.45,739729.4100000001,79.73
1167,11.67,260.36,739989.7700000001,79.76
1168,11.68,260.15,740249.9200000002,79.78
1169,11.69,259.8,740509.7200000002,79.81
1170,11.7,259.6,740769.3200000002,79.84
1171,11.71,259.37,741028.6900000002,79.87
1172,11.72,259.25,741287.9400000002,79.89
1173,11.73,259.18,741547.1200000002,79.92
1174,11.74,259.0,741806.1200000002,79.95
1175,11.75,258.8,742064.9200000003,79.98
1176,11.76,258.5,742323.4200000003,80.01
1177,11.77,257.75,742581.1700000003,80.03
1178,11.78,257.54,742838.7100000003,80.06
1179,11.79,257.5,743096.2100000003,80.09
1180,11.8,257.28,743353.4900000003,80.12
1181,11.81,257.0,743610.4900000003,80.15
1182,11.82,256.9,743867.3900000004,80.17
1183,11.83,255.95,744123.3400000003,80.2
1184,11.84,255.76,744379.1000000003,80.23
1185,11.85,255.7,744634.8000000003,80.26
1186,11.86,255.53,744890.3300000003,80.28
1187,11.87,255.1,745145.4300000003,80.31
1188,11.88,255.07,745400.5000000002,80.34
1189,11.89,255.05,745655.5500000003,80.37
1190,11.9,255.0,745910.5500000003,80.39
1191,11.91,254.91,746165.4600000003,80.42
1192,11.92,254.85,746420.3100000003,80.45
1193,11.93,254.85,746675.1600000003,80.48
1194,11.94,254.73,746929.8900000002,80.5
1195,11.95,254.4,747184.2900000003,80.53
1196,11.96,254.3,747438.5900000003,80.56
1197,11.97,254.2,747692.7900000003,80.59
1198,11.98,254.15,747946.9400000003,80.61
1199,11.99,253.85,748200.7900000003,80.64
1200,12.0,253.5,748454.2900000003,80.67
1201,12.01,253.43,748707.7200000003,80.69
1202,12.02,253.42,748961.1400000004,80.72
1203,12.03,253.25,749214.3900000004,80.75
1204,12.04,253.05,749467.4400000004,80.78
1205,12.05,252.6,749720.0400000004,80.8
1206,12.06,252.53,749972.5700000004,80.83
1207,12.07,251.8,750224.3700000005,80.86
1208,12.08,251.6,750475.9700000004,80.89
1209,12.09,251.42,750727.3900000005,80.91
1210,12.1,251.1,750978.4900000005,80.94
1211,12.11,251.05,751229.5400000005,80.97
1212,12.12,250.9,751480.4400000005,80.99
1213,12.13,250.83,751731.2700000005,81.02
1214,12.14,250.73,751982.0000000005,81.05
1215,12.15,250.71,752232.7100000004,81.07
1216,12.16,250.65,752483.3600000005,81.1
1217,12.17,250.2,752733.5600000004,81.13
1218,12.18,250.1,752983.6600000004,81.16
1219,12.19,250.09,753233.7500000003,81.18
1220,12.2,249.9,753483.6500000004,81.21
1221,12.21,249.25,753732.9000000004,81.24
1222,12.22,249.22,753982.1200000003,81.26
1223,12.23,249.1,754231.2200000003,81.29
1224,12.24,249.02,754480.2400000003,81.32
1225,12.25,248.95,754729.1900000003,81.34
1226,12.26,248.9,754978.0900000003,81.37
1227,12.27,248.75,755226.8400000003,81.4
1228,12.28,248.54,755475.3800000004,81.42
1229,12.29,248.53,755723.9100000004,81.45
1230,12.3,248.45,755972.3600000003,81.48
1231,12.31,248.39,756220.7500000003,81.5
1232,12.32,248.19,756468.9400000003,81.53
1233,12.33,248.15,756717.0900000003,81.56
1234,12.34,248.12,756965.2100000003,81.58
1235,12.35,248.08,757213.2900000003,81.61
1236,12.36,247.95,757461.2400000002,81.64
1237,12.37,247.9,757709.1400000002,81.66
1238,12.38,247.79,757956.9300000003,81.69
1239,12.39,247.72,758204.6500000003,81.72
1240,12.4,247.5,758452.1500000003,81.74
1241,12.41,247.45,758699.6000000002,81.77
1242,12.42,247.25,758946.8500000002,81.8
1243,12.43,247.04,759193.8900000002,81.82
1244,12.44,247.0,759440.8900000002,81.85
1245,12.45,246.91,759687.8000000003,81.88
1246,12.46,246.75,759934.5500000003,81.9
1247,12.47,246.63,760181.1800000003,81.93
1248,12.48,245.69,760426.8700000002,81.96
1249,12.49,245.5,760672.3700000002,81.98
1250,12.5,245.39,760917.7600000002,82.01
1251,12.51,245.24,761163.0000000002,82.04
1252,12.52,245.19,761408.1900000002,82.06
1253,12.53,245.0,761653.1900000002,82.09
1254,12.54,245.0,761898.1900000002,82.12
1255,12.55,244.92,762143.1100000002,82.14
1256,12.56,244.9,762388.0100000002,82.17
1257,12.57,244.79,762632.8000000003,82.2
1258,12.58,244.7,762877.5000000002,82.22
1259,12.59,244.65,763122.1500000003,82.25
1260,12.6,244.55,763366.7000000003,82.27
1261,12.61,244.15,763610.8500000003,82.3
1262,12.62,244.13,763854.9800000003,82.33
1263,12.63,243.7,764098.6800000003,82.35
1264,12.64,243.64,764342.3200000003,82.38
1265,12.65,243.59,764585.9100000003,82.41
1266,12.66,243.5,764829.4100000003,82.43
1267,12.67,243.39,765072.8000000003,82.46
1268,12.68,243.25,765316.0500000003,82.48
1269,12.69,243.2,765559.2500000002,82.51
1270,12.7,242.95,765802.2000000002,82.54
1271,12.71,242.85,766045.0500000002,82.56
1272,12.72,242.7,766287.7500000001,82.59
1273,12.73,242.57,766530.3200000001,82.62
1274,12.74,242.5,766772.8200000001,82.64
1275,12.75,242.35,767015.17,82.67
1276,12.76,242.27,767257.4400000001,82.69
1277,12.77,242.0,767499.4400000001,82.72
1278,12.78,241.99,767741.43,82.75
1279,12.79,241.97,767983.4,82.77
1280,12.8,241.95,768225.35,82.8
1281,12.81,241.95,768467.2999999999,82.82
1282,12.82,241.86,768709.1599999999,82.85
1283,12.83,241.55,768950.71,82.88
1284,12.84,241.5,769192.21,82.9
1285,12.85,241.17,769433.38,82.93
1286,12.86,241.0,769674.38,82.95
1287,12.87,240.95,769915.33,82.98
1288,12.88,240.55,770155.88,83.01
1289,12.89,240.42,770396.3,83.03
1290,12.9,240.4,770636.7000000001,83.06
1291,12.91,240.36,770877.06,83.08
1292,12.92,240.36,771117.42,83.11
1293,12.93,240.35,771357.77,83.14
1294,12.94,240.25,771598.02,83.16
1295,12.95,240.17,771838.1900000001,83.19
1296,12.96,240.16,772078.3500000001,83.21
1297,12.97,240.16,772318.5100000001,83.24
1298,12.98,240.14,772558.6500000001,83.27
1299,12.99,240.09,772798.7400000001,83.29
1300,13.0,240.07,773038.81,83.32
1301,13.01,239.93,773278.7400000001,83.34
1302,13.02,239.9,773518.6400000001,83.37
1303,13.03,239.9,773758.5400000002,83.39
1304,13.04,239.87,773998.4100000001,83.42
1305,13.05,239.65,774238.0600000002,83.45
1306,13.06,239.6,774477.6600000001,83.47
1307,13.07,239.5,774717.1600000001,83.5
1308,13.08,239.35,774956.5100000001,83.52
1309,13.09,239.03,775195.5400000002,83.55
1310,13.1,239.0,775434.5400000002,83.58
1311,13.11,238.86,775673.4000000001,83.6
1312,13.12,238.81,775912.2100000002,83.63
1313,13.13,238.78,776150.9900000002,83.65
1314,13.14,238.76,776389.7500000002,83.68
1315,13.15,238.75,776628.5000000002,83.7
1316,13.16,238.6,776867.1000000002,83.73
1317,13.17,238.46,777105.5600000002,83.76
1318,13.18,238.1,777343.6600000001,83.78
1319,13.19,238.1,777581.7600000001,83.81
1320,13.2,237.9,777819.6600000001,83.83
1321,13.21,237.75,778057.4100000001,83.86
1322,13.22,237.61,778295.0200000001,83.88
1323,13.23,237.55,778532.5700000002,83.91
1324,13.24,237.55,778770.1200000002,83.93
1325,13.25,237.5,779007.6200000002,83.96
1326,13.26,237.49,779245.1100000002,83.99
1327,13.27,237.47,779482.5800000002,84.01
1328,13.28,237.43,779720.0100000002,84.04
1329,13.29,237.33,779957.3400000002,84.06
1330,13.3,237.33,780194.6700000002,84.09
1331,13.31,237.3,780431.9700000002,84.11
1332,13.32,237.15,780669.1200000002,84.14
1333,13.33,237.11,780906.2300000002,84.16
1334,13.34,237.03,781143.2600000002,84.19
1335,13.35,236.49,781379.7500000002,84.22
1336,13.36,236.3,781616.0500000003,84.24
1337,13.37,236.15,781852.2000000003,84.27
1338,13.38,236.06,782088.2600000004,84.29
1339,13.39,236.04,782324.3000000004,84.32
1340,13.4,235.8,782560.1000000004,84.34
1341,13.41,235.73,782795.8300000004,84.37
1342,13.42,235.7,783031.5300000004,84.39
1343,13.43,235.67,783267.2000000004,84.42
1344,13.44,235.66,783502.8600000005,84.44
1345,13.45,235.65,783738.5100000005,84.47
1346,13.46,235.63,783974.1400000005,84.5
1347,13.47,235.61,784209.7500000005,84.52
1348,13.48,235.45,784445.2000000004,84.55
1349,13.49,235.44,784680.6400000004,84.57
1350,13.5,235.36,784916.0000000003,84.6
1351,13.51,235.2,785151.2000000003,84.62
1352,13.52,234.98,785386.1800000003,84.65
1353,13.53,234.9,785621.0800000003,84.67
1354,13.54,234.81,785855.8900000004,84.7
1355,13.55,234.77,786090.6600000004,84.72
1356,13.56,234.75,786325.4100000004,84.75
1357,13.57,234.65,786560.0600000004,84.77
1358,13.58,234.54,786794.6000000004,84.8
1359,13.59,234.48,787029.0800000004,84.82
1360,13.6,234.43,787263.5100000005,84.85
1361,13.61,234.42,787497.9300000005,84.88
1362,13.62,234.38,787732.3100000005,84.9
1363,13.63,234.28,787966.5900000005,84.93
1364,13.64,234.25,788200.8400000005,84.95
1365,13.65,234.2,788435.0400000005,84.98
1366,13.66,234.12,788669.1600000005,85.0
1367,13.67,234.04,788903.2000000005,85.03
1368,13.68,234.04,789137.2400000006,85.05
1369,13.69,234.01,789371.2500000006,85.08
1370,13.7,233.95,789605.2000000005,85.1
1371,13.71,233.89,789839.0900000005,85.13
1372,13.72,233.74,790072.8300000005,85.15
1373,13.73,233.67,790306.5000000006,85.18
1374,13.74,233.63,790540.1300000006,85.2
1375,13.75,233.49,790773.6200000006,85.23
1376,13.76,233.41,791007.0300000006,85.25
1377,13.77,233.3,791240.3300000007,85.28
1378,13.78,233.25,791473.5800000007,85.3
1379,13.79,233.07,791706.6500000006,85.33
1380,13.8,232.92,791939.5700000006,85.35
1381,13.81,232.89,792172.4600000007,85.38
1382,13.82,232.66,792405.1200000007,85.4
1383,13.83,232.48,792637.6000000007,85.43
1384,13.84,232.46,792870.0600000006,85.45
1385,13.85,232.37,793102.4300000006,85.48
1386,13.86,231.85,793334.2800000006,85.5
1387,13.87,231.75,793566.0300000006,85.53
1388,13.88,231.7,793797.7300000006,85.55
1389,13.89,231.69,794029.4200000005,85.58
1390,13.9,231.65,794261.0700000005,85.6
1391,13.91,231.64,794492.7100000005,85.63
1392,13.92,231.56,794724.2700000006,85.65
1393,13.93,231.5,794955.7700000006,85.68
1394,13.94,231.43,795187.2000000007,85.7
1395,13.95,231.3,795418.5000000007,85.73
1396,13.96,231.28,795649.7800000007,85.75
1397,13.97,231.25,795881.0300000007,85.78
1398,13.98,231.1,796112.1300000007,85.8
1399,13.99,231.08,796343.2100000007,85.83
1400,14.0,231.04,796574.2500000007,85.85
1401,14.01,231.0,796805.2500000007,85.88
1402,14.02,230.94,797036.1900000006,85.9
1403,14.03,230.91,797267.1000000007,85.93
1404,14.04,230.81,797497.9100000007,85.95
1405,14.05,230.8,797728.7100000008,85.98
1406,14.06,230.79,797959.5000000008,86.0
1407,14.07,230.67,798190.1700000009,86.03
1408,14.08,230.66,798420.8300000009,86.05
1409,14.09,230.6,798651.4300000009,86.08
1410,14.1,230.49,798881.9200000009,86.1
1411,14.11,230.39,799112.3100000009,86.13
1412,14.12,230.34,799342.6500000008,86.15
1413,14.13,230.28,799572.9300000009,86.18
1414,14.14,230.24,799803.1700000009,86.2
1415,14.15,230.24,800033.4100000008,86.23
1416,14.16,229.97,800263.3800000008,86.25
1417,14.17,229.93,800493.3100000009,86.28
1418,14.18,229.9,800723.2100000009,86.3
1419,14.19,229.82,800953.0300000008,86.33
1420,14.2,229.76,801182.7900000009,86.35
1421,14.21,229.71,801412.5000000008,86.38
1422,14.22,229.61,801642.1100000008,86.4
1423,14.23,229.6,801871.7100000008,86.42
1424,14.24,229.59,802101.3000000007,86.45
1425,14.25,229.27,802330.5700000008,86.47
1426,14.26,229.21,802559.7800000007,86.5
1427,14.27,229.17,802788.9500000008,86.52
1428,14.28,229.12,803018.0700000008,86.55
1429,14.29,228.85,803246.9200000007,86.57
1430,14.3,228.82,803475.7400000007,86.6
1431,14.31,228.81,803704.5500000007,86.62
1432,14.32,228.76,803933.3100000008,86.65
1433,14.33,228.75,804162.0600000008,86.67
1434,14.34,228.7,804390.7600000007,86.7
1435,14.35,228.6,804619.3600000007,86.72
1436,14.36,228.58,804847.9400000006,86.75
1437,14.37,228.51,805076.4500000007,86.77
1438,14.38,228.45,805304.9000000006,86.79
1439,14.39,228.3,805533.2000000007,86.82
1440,14.4,228.2,805761.4000000006,86.84
1441,14.41,228.17,805989.5700000006,86.87
1442,14.42,228.17,806217.7400000007,86.89
1443,14.43,228.17,806445.9100000007,86.92
1444,14.44,228.13,806674.0400000007,86.94
1445,14.45,228.08,806902.1200000007,86.97
1446,14.46,227.98,807130.1000000007,86.99
1447,14.47,227.97,807358.0700000006,87.02
1448,14.48,227.93,807586.0000000007,87.04
1449,14.49,227.81,807813.8100000008,87.07
1450,14.5,227.79,808041.6000000008,87.09
1451,14.51,227.7,808269.3000000007,87.11
1452,14.52,227.64,808496.9400000008,87.14
1453,14.53,227.63,808724.5700000008,87.16
1454,14.54,227.56,808952.1300000008,87.19
1455,14.55,227.45,809179.5800000008,87.21
1456,14.56,227.44,809407.0200000007,87.24
1457,14.57,227.43,809634.4500000008,87.26
1458,14.58,227.35,809861.8000000007,87.29
1459,14.59,227.24,810089.0400000007,87.31
1460,14.6,227.16,810316.2000000008,87.33
1461,14.61,227.16,810543.3600000008,87.36
1462,14.62,227.11,810770.4700000008,87.38
1463,14.63,227.07,810997.5400000007,87.41
1464,14.64,227.01,811224.5500000007,87.43
1465,14.65,226.97,811451.5200000007,87.46
1466,14.66,226.91,811678.4300000007,87.48
1467,14.67,226.88,811905.3100000008,87.51
1468,14.68,226.85,812132.1600000007,87.53
1469,14.69,226.69,812358.8500000007,87.55
1470,14.7,226.68,812585.5300000007,87.58
1471,14.71,226.65,812812.1800000007,87.6
1472,14.72,226.61,813038.7900000007,87.63
1473,14.73,226.59,813265.3800000007,87.65
1474,14.74,226.56,813491.9400000008,87.68
1475,14.75,226.53,813718.4700000008,87.7
1476,14.76,226.52,813944.9900000008,87.73
1477,14.77,226.5,814171.4900000008,87.75
1478,14.78,226.5,814397.9900000008,87.77
1479,14.79,226.5,814624.4900000008,87.8
1480,14.8,226.41,814850.9000000008,87.82
1481,14.81,226.4,815077.3000000009,87.85
1482,14.82,226.4,815303.7000000009,87.87
1483,14.83,226.39,815530.0900000009,87.9
1484,14.84,226.36,815756.4500000009,87.92
1485,14.85,226.35,815982.8000000009,87.95
1486,14.86,226.34,816209.1400000008,87.97
1487,14.87,226.33,816435.4700000008,87.99
1488,14.88,226.3,816661.7700000008,88.02
1489,14.89,226.25,816888.0200000008,88.04
1490,14.9,226.15,817114.1700000009,88.07
1491,14.91,226.14,817340.3100000009,88.09
1492,14.92,226.09,817566.4000000008,88.12
1493,14.93,226.04,817792.4400000009,88.14
1494,14.94,225.95,818018.3900000008,88.16
1495,14.95,225.94,818244.3300000008,88.19
1496,14.96,225.86,818470.1900000008,88.21
1497,14.97,225.82,818696.0100000007,88.24
1498,14.98,225.72,818921.7300000007,88.26
1499,14.99,225.56,819147.2900000007,88.29
1500,15.0,225.52,819372.8100000008,88.31
1501,15.01,225.47,819598.2800000007,88.34
1502,15.02,225.42,819823.7000000008,88.36
1503,15.03,225.41,820049.1100000008,88.38
1504,15.04,225.41,820274.5200000008,88.41
1505,15.05,225.35,820499.8700000008,88.43
1506,15.06,225.18,820725.0500000009,88.46
1507,15.07,225.13,820950.1800000009,88.48
1508,15.08,224.97,821175.1500000008,88.51
1509,15.09,224.95,821400.1000000008,88.53
1510,15.1,224.93,821625.0300000008,88.55
1511,15.11,224.88,821849.9100000008,88.58
1512,15.12,224.86,822074.7700000008,88.6
1513,15.13,224.85,822299.6200000008,88.63
1514,15.14,224.8,822524.4200000009,88.65
1515,15.15,224.8,822749.2200000009,88.67
1516,15.16,224.8,822974.020000001,88.7
1517,15.17,224.67,823198.690000001,88.72
1518,15.18,224.64,823423.330000001,88.75
1519,15.19,224.52,823647.850000001,88.77
1520,15.2,224.5,823872.350000001,88.8
1521,15.21,224.35,824096.700000001,88.82
1522,15.22,224.22,824320.920000001,88.84
1523,15.23,224.2,824545.1200000009,88.87
1524,15.24,224.18,824769.300000001,88.89
1525,15.25,224.1,824993.400000001,88.92
1526,15.26,224.04,825217.440000001,88.94
1527,15.27,224.03,825441.470000001,88.96
1528,15.28,224.01,825665.480000001,88.99
1529,15.29,223.94,825889.420000001,89.01
1530,15.3,223.79,826113.210000001,89.04
1531,15.31,223.6,826336.810000001,89.06
1532,15.32,223.58,826560.390000001,89.09
1533,15.33,223.57,826783.9600000009,89.11
1534,15.34,223.56,827007.520000001,89.13
1535,15.35,223.54,827231.060000001,89.16
1536,15.36,223.53,827454.590000001,89.18
1537,15.37,223.47,827678.060000001,89.21
1538,15.38,223.44,827901.5000000009,89.23
1539,15.39,223.43,828124.930000001,89.25
1540,15.4,223.38,828348.310000001,89.28
1541,15.41,223.38,828571.690000001,89.3
1542,15.42,223.24,828794.930000001,89.33
1543,15.43,223.22,829018.150000001,89.35
1544,15.44,223.03,829241.180000001,89.37
1545,15.45,223.01,829464.190000001,89.4
1546,15.46,222.98,829687.170000001,89.42
1547,15.47,222.94,829910.1100000009,89.45
1548,15.48,222.87,830132.9800000009,89.47
1549,15.49,222.86,830355.8400000009,89.49
1550,15.5,222.83,830578.6700000009,89.52
1551,15.51,222.8,830801.4700000009,89.54
1552,15.52,222.62,831024.0900000009,89.57
1553,15.53,222.53,831246.6200000009,89.59
1554,15.54,222.45,831469.0700000009,89.61
1555,15.55,222.43,831691.5000000009,89.64
1556,15.56,222.41,831913.910000001,89.66
1557,15.57,222.4,832136.310000001,89.69
1558,15.58,222.39,832358.700000001,89.71
1559,15.59,222.38,832581.080000001,89.73
1560,15.6,222.26,832803.340000001,89.76
1561,15.61,222.19,833025.530000001,89.78
1562,15.62,222.17,833247.700000001,89.81
1563,15.63,222.14,833469.840000001,89.83
1564,15.64,222.11,833691.950000001,89.85
1565,15.65,222.05,833914.000000001,89.88
1566,15.66,222.04,834136.0400000011,89.9
1567,15.67,221.91,834357.9500000011,89.93
1568,15.68,221.91,834579.8600000012,89.95
1569,15.69,221.9,834801.7600000012,89.97
1570,15.7,221.86,835023.6200000012,90.0
1571,15.71,221.79,835245.4100000012,90.02
1572,15.72,221.79,835467.2000000012,90.05
1573,15.73,221.76,835688.9600000012,90.07
1574,15.74,221.74,835910.7000000012,90.09
1575,15.75,221.67,836132.3700000013,90.12
1576,15.76,221.64,836354.0100000013,90.14
1577,15.77,221.56,836575.5700000013,90.16
1578,15.78,221.55,836797.1200000014,90.19
1579,15.79,221.53,837018.6500000014,90.21
1580,15.8,221.45,837240.1000000014,90.24
1581,15.81,221.35,837461.4500000014,90.26
1582,15.82,221.35,837682.8000000013,90.28
1583,15.83,221.26,837904.0600000013,90.31
1584,15.84,221.22,838125.2800000013,90.33
1585,15.85,221.17,838346.4500000014,90.36
1586,15.86,221.13,838567.5800000014,90.38
1587,15.87,221.11,838788.6900000013,90.4
1588,15.88,221.1,839009.7900000013,90.43
1589,15.89,221.09,839230.8800000013,90.45
1590,15.9,221.04,839451.9200000013,90.47
1591,15.91,220.94,839672.8600000013,90.5
1592,15.92,220.84,839893.7000000012,90.52
1593,15.93,220.82,840114.5200000012,90.55
1594,15.94,220.8,840335.3200000012,90.57
1595,15.95,220.8,840556.1200000013,90.59
1596,15.96,220.8,840776.9200000013,90.62
1597,15.97,220.79,840997.7100000014,90.64
1598,15.98,220.75,841218.4600000014,90.67
1599,15.99,220.74,841439.2000000014,90.69
1600,16.0,220.73,841659.9300000013,90.71
1601,16.01,220.7,841880.6300000013,90.74
1602,16.02,220.69,842101.3200000012,90.76
1603,16.03,220.65,842321.9700000013,90.78
1604,16.04,220.64,842542.6100000013,90.81
1605,16.05,220.62,842763.2300000013,90.83
1606,16.06,220.62,842983.8500000013,90.86
1607,16.07,220.57,843204.4200000012,90.88
1608,16.08,220.55,843424.9700000013,90.9
1609,16.09,220.51,843645.4800000013,90.93
1610,16.1,220.49,843865.9700000013,90.95
1611,16.11,220.42,844086.3900000013,90.97
1612,16.12,220.38,844306.7700000013,91.0
1613,16.13,220.37,844527.1400000013,91.02
1614,16.14,220.3,844747.4400000013,91.05
1615,16.15,220.17,844967.6100000014,91.07
1616,16.16,220.06,845187.6700000014,91.09
1617,16.17,220.02,845407.6900000015,91.12
1618,16.18,219.25,845626.9400000015,91.14
1619,16.19,219.15,845846.0900000015,91.16
1620,16.2,218.1,846064.1900000015,91.19
1621,16.21,217.35,846281.5400000014,91.21
1622,16.22,216.94,846498.4800000014,91.23
1623,16.23,216.35,846714.8300000014,91.26
1624,16.24,216.2,846931.0300000013,91.28
1625,16.25,216.1,847147.1300000013,91.3
1626,16.26,215.8,847362.9300000013,91.33
1627,16.27,215.4,847578.3300000014,91.35
1628,16.28,215.05,847793.3800000014,91.37
1629,16.29,214.75,848008.1300000014,91.4
1630,16.3,214.45,848222.5800000014,91.42
1631,16.31,214.35,848436.9300000013,91.44
1632,16.32,213.85,848650.7800000013,91.47
1633,16.33,213.5,848864.2800000013,91.49
1634,16.34,213.0,849077.2800000013,91.51
1635,16.35,212.85,849290.1300000013,91.54
1636,16.36,212.25,849502.3800000013,91.56
1637,16.37,212.1,849714.4800000013,91.58
1638,16.38,211.85,849926.3300000012,91.6
1639,16.39,211.65,850137.9800000013,91.63
1640,16.4,211.5,850349.4800000013,91.65
1641,16.41,211.4,850560.8800000013,91.67
1642,16.42,211.35,850772.2300000013,91.7
1643,16.43,210.85,850983.0800000012,91.72
1644,16.44,210.5,851193.5800000012,91.74
1645,16.45,210.35,851403.9300000012,91.76
1646,16.46,209.95,851613.8800000012,91.79
1647,16.47,209.85,851823.7300000011,91.81
1648,16.48,209.8,852033.5300000012,91.83
1649,16.49,209.5,852243.0300000012,91.85
1650,16.5,208.55,852451.5800000012,91.88
1651,16.51,208.35,852659.9300000012,91.9
1652,16.52,208.35,852868.2800000012,91.92
1653,16.53,207.95,853076.2300000011,91.94
1654,16.54,206.95,853283.1800000011,91.97
1655,16.55,206.95,853490.130000001,91.99
1656,16.56,206.8,853696.9300000011,92.01
1657,16.57,206.65,853903.5800000011,92.03
1658,16.58,205.45,854109.0300000011,92.05
1659,16.59,205.2,854314.230000001,92.08
1660,16.6,205.2,854519.430000001,92.1
1661,16.61,205.1,854724.530000001,92.12
1662,16.62,205.1,854929.6300000009,92.14
1663,16.63,205.0,855134.6300000009,92.17
1664,16.64,204.95,855339.5800000009,92.19
1665,16.65,204.7,855544.2800000008,92.21
1666,16.66,204.65,855748.9300000009,92.23
1667,16.67,204.3,855953.2300000009,92.25
1668,16.68,200.95,856154.1800000009,92.28
1669,16.69,200.25,856354.4300000009,92.3
1670,16.7,199.9,856554.3300000009,92.32
1671,16.71,199.85,856754.1800000009,92.34
1672,16.72,199.7,856953.8800000008,92.36
1673,16.73,199.48,857153.3600000008,92.38
1674,16.74,198.6,857351.9600000008,92.4
1675,16.75,198.25,857550.2100000008,92.43
1676,16.76,197.9,857748.1100000008,92.45
1677,16.77,197.8,857945.9100000008,92.47
1678,16.78,197.6,858143.5100000008,92.49
1679,16.79,197.55,858341.0600000009,92.51
1680,16.8,197.35,858538.4100000008,92.53
1681,16.81,197.05,858735.4600000009,92.55
1682,16.82,196.9,858932.3600000009,92.57
1683,16.83,196.75,859129.1100000009,92.6
1684,16.84,196.25,859325.3600000009,92.62
1685,16.85,195.45,859520.8100000009,92.64
1686,16.86,195.4,859716.2100000009,92.66
1687,16.87,195.05,859911.2600000009,92.68
1688,16.88,194.65,860105.910000001,92.7
1689,16.89,194.05,860299.960000001,92.72
1690,16.9,193.8,860493.760000001,92.74
1691,16.91,193.5,860687.260000001,92.76
1692,16.92,193.2,860880.460000001,92.78
1693,16.93,193.05,861073.510000001,92.81
1694,16.94,192.75,861266.260000001,92.83
1695,16.95,192.7,861458.960000001,92.85
1696,16.96,192.7,861651.660000001,92.87
1697,16.97,192.5,861844.160000001,92.89
1698,16.98,191.95,862036.1100000009,92.91
1699,16.99,191.85,862227.9600000009,92.93
1700,17.0,191.75,862419.7100000009,92.95
1701,17.01,191.1,862610.8100000009,92.97
1702,17.02,190.9,862801.7100000009,92.99
1703,17.03,190.6,862992.3100000009,93.01
1704,17.04,190.4,863182.7100000009,93.03
1705,17.05,189.7,863372.4100000008,93.05
1706,17.06,189.6,863562.0100000008,93.07
1707,17.07,189.2,863751.2100000008,93.09
1708,17.08,189.15,863940.3600000008,93.11
1709,17.09,188.5,864128.8600000008,93.13
1710,17.1,188.3,864317.1600000008,93.15
1711,17.11,187.9,864505.0600000009,93.18
1712,17.12,187.85,864692.9100000008,93.2
1713,17.13,187.6,864880.5100000008,93.22
1714,17.14,187.3,865067.8100000009,93.24
1715,17.15,186.55,865254.3600000009,93.26
1716,17.16,185.4,865439.7600000009,93.28
1717,17.17,185.37,865625.1300000009,93.3
1718,17.18,185.3,865810.430000001,93.32
1719,17.19,185.2,865995.6300000009,93.34
1720,17.2,184.95,866180.5800000009,93.36
1721,17.21,184.7,866365.2800000008,93.38
1722,17.22,184.55,866549.8300000009,93.4
1723,17.23,183.75,866733.5800000009,93.42
1724,17.24,183.7,866917.2800000008,93.44
1725,17.25,183.4,867100.6800000009,93.45
1726,17.26,181.25,867281.9300000009,93.47
1727,17.27,181.05,867462.9800000009,93.49
1728,17.28,180.5,867643.4800000009,93.51
1729,17.29,180.5,867823.9800000009,93.53
1730,17.3,180.25,868004.2300000009,93.55
1731,17.31,180.0,868184.2300000009,93.57
1732,17.32,180.0,868364.2300000009,93.59
1733,17.33,179.6,868543.8300000009,93.61
1734,17.34,179.2,868723.0300000008,93.63
1735,17.35,178.75,868901.7800000008,93.65
1736,17.36,178.35,869080.1300000008,93.67
1737,17.37,178.25,869258.3800000008,93.69
1738,17.38,177.95,869436.3300000008,93.71
1739,17.39,177.85,869614.1800000007,93.73
1740,17.4,177.65,869791.8300000008,93.74
1741,17.41,177.4,869969.2300000008,93.76
1742,17.42,177.3,870146.5300000008,93.78
1743,17.43,177.05,870323.5800000009,93.8
1744,17.44,176.55,870500.1300000009,93.82
1745,17.45,176.4,870676.530000001,93.84
1746,17.46,176.15,870852.680000001,93.86
1747,17.47,175.8,871028.480000001,93.88
1748,17.48,175.6,871204.080000001,93.9
1749,17.49,175.35,871379.430000001,93.92
1750,17.5,175.05,871554.480000001,93.93
1751,17.51,174.55,871729.0300000011,93.95
1752,17.52,174.15,871903.1800000011,93.97
1753,17.53,173.4,872076.5800000011,93.99
1754,17.54,172.95,872249.5300000011,94.01
1755,17.55,172.75,872422.2800000011,94.03
1756,17.56,171.7,872593.980000001,94.05
1757,17.57,171.65,872765.630000001,94.07
1758,17.58,170.95,872936.580000001,94.08
1759,17.59,170.95,873107.530000001,94.1
1760,17.6,170.85,873278.3800000009,94.12
1761,17.61,170.75,873449.1300000009,94.14
1762,17.62,170.4,873619.530000001,94.16
1763,17.63,170.2,873789.7300000009,94.18
1764,17.64,169.9,873959.6300000009,94.19
1765,17.65,169.85,874129.4800000009,94.21
1766,17.66,169.7,874299.1800000009,94.23
1767,17.67,169.0,874468.1800000009,94.25
1768,17.68,168.65,874636.8300000009,94.27
1769,17.69,168.55,874805.3800000009,94.29
1770,17.7,168.55,874973.930000001,94.3
1771,17.71,168.35,875142.280000001,94.32
1772,17.72,168.15,875310.430000001,94.34
1773,17.73,167.95,875478.3800000009,94.36
1774,17.74,167.45,875645.8300000009,94.38
1775,17.75,166.3,875812.1300000009,94.39
1776,17.76,166.25,875978.3800000009,94.41
1777,17.77,166.25,876144.6300000009,94.43
1778,17.78,166.2,876310.8300000009,94.45
1779,17.79,166.15,876476.9800000009,94.47
1780,17.8,165.45,876642.4300000009,94.48
1781,17.81,165.2,876807.6300000008,94.5
1782,17.82,164.95,876972.5800000008,94.52
1783,17.83,164.5,877137.0800000008,94.54
1784,17.84,164.35,877301.4300000007,94.55
1785,17.85,164.35,877465.7800000007,94.57
1786,17.86,164.25,877630.0300000007,94.59
1787,17.87,164.0,877794.0300000007,94.61
1788,17.88,163.9,877957.9300000007,94.63
1789,17.89,163.25,878121.1800000007,94.64
1790,17.9,163.15,878284.3300000008,94.66
1791,17.91,163.05,878447.3800000008,94.68
1792,17.92,162.85,878610.2300000008,94.7
1793,17.93,162.65,878772.8800000008,94.71
1794,17.94,162.5,878935.3800000008,94.73
1795,17.95,162.4,879097.7800000008,94.75
1796,17.96,162.05,879259.8300000009,94.77
1797,17.97,161.95,879421.7800000008,94.78
1798,17.98,161.6,879583.3800000008,94.8
1799,17.99,161.0,879744.3800000008,94.82
1800,18.0,160.8,879905.1800000009,94.83
1801,18.01,160.15,880065.3300000009,94.85
1802,18.02,159.8,880225.1300000009,94.87
1803,18.03,159.55,880384.680000001,94.89
1804,18.04,158.8,880543.480000001,94.9
1805,18.05,158.05,880701.5300000011,94.92
1806,18.06,157.9,880859.4300000011,94.94
1807,18.07,157.25,881016.6800000011,94.95
1808,18.08,157.15,881173.8300000011,94.97
1809,18.09,156.7,881330.5300000011,94.99
1810,18.1,156.25,881486.7800000011,95.01
1811,18.11,156.15,881642.9300000011,95.02
1812,18.12,155.55,881798.4800000011,95.04
1813,18.13,154.85,881953.3300000011,95.06
1814,18.14,154.7,882108.0300000011,95.07
1815,18.15,154.3,882262.3300000011,95.09
1816,18.16,154.05,882416.3800000012,95.11
1817,18.17,154.05,882570.4300000012,95.12
1818,18.18,153.75,882724.1800000012,95.14
1819,18.19,153.7,882877.8800000012,95.16
1820,18.2,153.55,883031.4300000012,95.17
1821,18.21,153.4,883184.8300000012,95.19
1822,18.22,153.3,883338.1300000013,95.2
1823,18.23,153.2,883491.3300000012,95.22
1824,18.24,152.8,883644.1300000013,95.24
1825,18.25,152.65,883796.7800000013,95.25
1826,18.26,152.3,883949.0800000014,95.27
1827,18.27,152.05,884101.1300000014,95.29
1828,18.28,151.85,884252.9800000014,95.3
1829,18.29,151.7,884404.6800000013,95.32
1830,18.3,151.5,884556.1800000013,95.34
1831,18.31,150.7,884706.8800000013,95.35
1832,18.32,150.35,884857.2300000013,95.37
1833,18.33,150.35,885007.5800000012,95.38
1834,18.34,149.95,885157.5300000012,95.4
1835,18.35,149.9,885307.4300000012,95.42
1836,18.36,149.8,885457.2300000013,95.43
1837,18.37,149.5,885606.7300000013,95.45
1838,18.38,149.15,885755.8800000013,95.47
1839,18.39,149.0,885904.8800000013,95.48
1840,18.4,148.6,886053.4800000013,95.5
1841,18.41,148.0,886201.4800000013,95.51
1842,18.42,147.95,886349.4300000012,95.53
1843,18.43,147.6,886497.0300000012,95.55
1844,18.44,147.5,886644.5300000012,95.56
1845,18.45,147.2,886791.7300000011,95.58
1846,18.46,147.15,886938.8800000012,95.59
1847,18.47,146.9,887085.7800000012,95.61
1848,18.48,146.85,887232.6300000012,95.62
1849,18.49,146.65,887379.2800000012,95.64
1850,18.5,146.03,887525.3100000012,95.66
1851,18.51,145.7,887671.0100000012,95.67
1852,18.52,145.65,887816.6600000012,95.69
1853,18.53,144.85,887961.5100000012,95.7
1854,18.54,144.4,888105.9100000012,95.72
1855,18.55,143.9,888249.8100000012,95.73
1856,18.56,143.6,888393.4100000012,95.75
1857,18.57,143.1,888536.5100000012,95.77
1858,18.58,143.05,888679.5600000012,95.78
1859,18.59,143.0,888822.5600000012,95.8
1860,18.6,141.55,888964.1100000013,95.81
1861,18.61,141.25,889105.3600000013,95.83
1862,18.62,140.75,889246.1100000013,95.84
1863,18.63,140.35,889386.4600000012,95.86
1864,18.64,140.3,889526.7600000013,95.87
1865,18.65,140.25,889667.0100000013,95.89
1866,18.66,140.2,889807.2100000012,95.9
1867,18.67,139.95,889947.1600000012,95.92
1868,18.68,139.9,890087.0600000012,95.93
1869,18.69,139.25,890226.3100000012,95.95
1870,18.7,138.8,890365.1100000013,95.96
1871,18.71,138.75,890503.8600000013,95.98
1872,18.72,138.55,890642.4100000013,95.99
1873,18.73,137.3,890779.7100000014,96.01
1874,18.74,136.85,890916.5600000013,96.02
1875,18.75,136.75,891053.3100000013,96.04
1876,18.76,136.25,891189.5600000013,96.05
1877,18.77,135.95,891325.5100000013,96.07
1878,18.78,135.9,891461.4100000013,96.08
1879,18.79,135.1,891596.5100000013,96.1
1880,18.8,135.0,891731.5100000013,96.11
1881,18.81,134.8,891866.3100000013,96.12
1882,18.82,134.35,892000.6600000013,96.14
1883,18.83,133.9,892134.5600000013,96.15
1884,18.84,133.75,892268.3100000013,96.17
1885,18.85,133.4,892401.7100000014,96.18
1886,18.86,133.35,892535.0600000013,96.2
1887,18.87,133.3,892668.3600000014,96.21
1888,18.88,132.75,892801.1100000014,96.22
1889,18.89,132.5,892933.6100000014,96.24
1890,18.9,132.3,893065.9100000014,96.25
1891,18.91,132.25,893198.1600000014,96.27
1892,18.92,131.2,893329.3600000014,96.28
1893,18.93,131.1,893460.4600000014,96.3
1894,18.94,131.05,893591.5100000014,96.31
1895,18.95,130.92,893722.4300000014,96.32
1896,18.96,130.8,893853.2300000015,96.34
1897,18.97,130.45,893983.6800000014,96.35
1898,18.98,129.95,894113.6300000014,96.37
1899,18.99,129.85,894243.4800000014,96.38
1900,19.0,129.45,894372.9300000013,96.39
1901,19.01,128.95,894501.8800000013,96.41
1902,19.02,128.7,894630.5800000012,96.42
1903,19.03,128.5,894759.0800000012,96.44
1904,19.04,128.1,894887.1800000012,96.45
1905,19.05,128.0,895015.1800000012,96.46
1906,19.06,127.85,895143.0300000012,96.48
1907,19.07,127.45,895270.4800000011,96.49
1908,19.08,127.4,895397.8800000012,96.5
1909,19.09,126.5,895524.3800000012,96.52
1910,19.1,126.45,895650.8300000011,96.53
1911,19.11,126.25,895777.0800000011,96.55
1912,19.12,125.25,895902.3300000011,96.56
1913,19.13,125.15,896027.4800000011,96.57
1914,19.14,124.85,896152.3300000011,96.59
1915,19.15,124.85,896277.1800000011,96.6
1916,19.16,124.55,896401.7300000011,96.61
1917,19.17,123.8,896525.5300000012,96.63
1918,19.18,123.55,896649.0800000012,96.64
1919,19.19,123.35,896772.4300000012,96.65
1920,19.2,123.15,896895.5800000012,96.67
1921,19.21,123.1,897018.6800000012,96.68
1922,19.22,122.85,897141.5300000012,96.69
1923,19.23,122.55,897264.0800000012,96.71
1924,19.24,122.45,897386.5300000012,96.72
1925,19.25,122.45,897508.9800000011,96.73
1926,19.26,122.15,897631.1300000012,96.75
1927,19.27,121.35,897752.4800000011,96.76
1928,19.28,121.25,897873.7300000011,96.77
1929,19.29,119.9,897993.6300000012,96.78
1930,19.3,119.75,898113.3800000012,96.8
1931,19.31,119.55,898232.9300000012,96.81
1932,19.32,119.45,898352.3800000012,96.82
1933,19.33,118.75,898471.1300000012,96.84
1934,19.34,118.4,898589.5300000012,96.85
1935,19.35,118.35,898707.8800000012,96.86
1936,19.36,118.35,898826.2300000011,96.87
1937,19.37,118.2,898944.4300000011,96.89
1938,19.38,118.0,899062.4300000011,96.9
1939,19.39,117.95,899180.380000001,96.91
1940,19.4,117.4,899297.7800000011,96.93
1941,19.41,117.35,899415.130000001,96.94
1942,19.42,117.25,899532.380000001,96.95
1943,19.43,116.95,899649.330000001,96.96
1944,19.44,116.45,899765.780000001,96.98
1945,19.45,116.35,899882.1300000009,96.99
1946,19.46,116.25,899998.3800000009,97.0
1947,19.47,116.0,900114.3800000009,97.01
1948,19.48,116.0,900230.3800000009,97.03
1949,19.49,115.65,900346.030000001,97.04
1950,19.5,115.65,900461.680000001,97.05
1951,19.51,115.55,900577.230000001,97.06
1952,19.52,115.3,900692.5300000011,97.08
1953,19.53,115.3,900807.8300000011,97.09
1954,19.54,115.25,900923.0800000011,97.1
1955,19.55,114.95,901038.0300000011,97.11
1956,19.56,114.9,901152.9300000011,97.13
1957,19.57,114.25,901267.1800000011,97.14
1958,19.58,114.05,901381.2300000011,97.15
1959,19.59,113.55,901494.7800000012,97.16
1960,19.6,113.45,901608.2300000011,97.17
1961,19.61,113.1,901721.3300000011,97.19
1962,19.62,113.1,901834.4300000011,97.2
1963,19.63,112.95,901947.380000001,97.21
1964,19.64,112.95,902060.330000001,97.22
1965,19.65,112.85,902173.180000001,97.23
1966,19.66,112.75,902285.930000001,97.25
1967,19.67,112.65,902398.580000001,97.26
1968,19.68,112.2,902510.780000001,97.27
1969,19.69,111.8,902622.580000001,97.28
1970,19.7,111.6,902734.180000001,97.3
1971,19.71,111.35,902845.530000001,97.31
1972,19.72,111.15,902956.680000001,97.32
1973,19.73,111.15,903067.830000001,97.33
1974,19.74,110.1,903177.930000001,97.34
1975,19.75,108.6,903286.530000001,97.35
1976,19.76,108.35,903394.8800000009,97.37
1977,19.77,108.35,903503.2300000009,97.38
1978,19.78,108.3,903611.530000001,97.39
1979,19.79,107.3,903718.830000001,97.4
1980,19.8,107.25,903826.080000001,97.41
1981,19.81,107.15,903933.230000001,97.42
1982,19.82,106.65,904039.880000001,97.44
1983,19.83,106.6,904146.480000001,97.45
1984,19.84,106.55,904253.0300000011,97.46
1985,19.85,106.5,904359.5300000011,97.47
1986,19.86,106.2,904465.730000001,97.48
1987,19.87,105.95,904571.680000001,97.49
1988,19.88,105.35,904677.030000001,97.5
1989,19.89,105.35,904782.3800000009,97.52
1990,19.9,105.3,904887.680000001,97.53
1991,19.91,105.25,904992.930000001,97.54
1992,19.92,104.85,905097.780000001,97.55
1993,19.93,104.6,905202.3800000009,97.56
1994,19.94,104.55,905306.930000001,97.57
1995,19.95,104.35,905411.280000001,97.58
1996,19.96,104.3,905515.580000001,97.6
1997,19.97,103.7,905619.280000001,97.61
1998,19.98,103.6,905722.8800000009,97.62
1999,19.99,103.45,905826.3300000009,97.63
2000,20.0,103.45,905929.7800000008,97.64
2001,20.01,102.95,906032.7300000008,97.65
2002,20.02,102.7,906135.4300000007,97.66
2003,20.03,102.45,906237.8800000007,97.67
2004,20.04,101.75,906339.6300000007,97.68
2005,20.05,101.45,906441.0800000007,97.69
2006,20.06,101.35,906542.4300000006,97.71
2007,20.07,101.1,906643.5300000006,97.72
2008,20.08,100.85,906744.3800000006,97.73
2009,20.09,100.75,906845.1300000006,97.74
2010,20.1,100.4,906945.5300000006,97.75
2011,20.11,100.1,907045.6300000006,97.76
2012,20.12,100.1,907145.7300000006,97.77
2013,20.13,99.95,907245.6800000005,97.78
2014,20.14,99.8,907345.4800000006,97.79
2015,20.15,99.8,907445.2800000006,97.8
2016,20.16,99.65,907544.9300000006,97.81
2017,20.17,98.6,907643.5300000006,97.82
2018,20.18,98.55,907742.0800000007,97.84
2019,20.19,98.35,907840.4300000006,97.85
2020,20.2,98.1,907938.5300000006,97.86
2021,20.21,97.95,908036.4800000006,97.87
2022,20.22,97.65,908134.1300000006,97.88
2023,20.23,97.35,908231.4800000006,97.89
2024,20.24,97.05,908328.5300000006,97.9
2025,20.25,97.0,908425.5300000006,97.91
2026,20.26,96.45,908521.9800000006,97.92
2027,20.27,95.75,908617.7300000006,97.93
2028,20.28,95.6,908713.3300000005,97.94
2029,20.29,95.6,908808.9300000005,97.95
2030,20.3,95.25,908904.1800000005,97.96
2031,20.31,94.8,908998.9800000006,97.97
2032,20.32,94.65,909093.6300000006,97.98
2033,20.33,94.5,909188.1300000006,97.99
2034,20.34,94.1,909282.2300000006,98.0
2035,20.35,94.05,909376.2800000006,98.01
2036,20.36,93.65,909469.9300000006,98.02
2037,20.37,93.5,909563.4300000006,98.03
2038,20.38,92.65,909656.0800000007,98.04
2039,20.39,92.45,909748.5300000006,98.05
2040,20.4,92.25,909840.7800000006,98.06
2041,20.41,92.25,909933.0300000006,98.07
2042,20.42,92.2,910025.2300000006,98.08
2043,20.43,91.55,910116.7800000006,98.09
2044,20.44,91.35,910208.1300000006,98.1
2045,20.45,91.2,910299.3300000005,98.11
2046,20.46,90.8,910390.1300000006,98.12
2047,20.47,90.65,910480.7800000006,98.13
2048,20.48,90.6,910571.3800000006,98.14
2049,20.49,90.5,910661.8800000006,98.15
2050,20.5,90.4,910752.2800000006,98.16
2051,20.51,89.85,910842.1300000006,98.17
2052,20.52,89.5,910931.6300000006,98.18
2053,20.53,89.45,911021.0800000005,98.19
2054,20.54,88.9,911109.9800000006,98.2
2055,20.55,88.35,911198.3300000005,98.21
2056,20.56,88.2,911286.5300000005,98.22
2057,20.57,88.15,911374.6800000005,98.23
2058,20.58,88.05,911462.7300000006,98.24
2059,20.59,87.8,911550.5300000006,98.25
2060,20.6,87.75,911638.2800000006,98.26
2061,20.61,87.7,911725.9800000006,98.26
2062,20.62,87.6,911813.5800000005,98.27
2063,20.63,87.55,911901.1300000006,98.28
2064,20.64,87.4,911988.5300000006,98.29
2065,20.65,87.1,912075.6300000006,98.3
2066,20.66,86.3,912161.9300000006,98.31
2067,20.67,86.05,912247.9800000007,98.32
2068,20.68,85.85,912333.8300000007,98.33
2069,20.69,85.65,912419.4800000007,98.34
2070,20.7,85.5,912504.9800000007,98.35
2071,20.71,84.75,912589.7300000007,98.36
2072,20.72,84.7,912674.4300000006,98.37
2073,20.73,84.15,912758.5800000007,98.38
2074,20.74,84.1,912842.6800000006,98.38
2075,20.75,83.8,912926.4800000007,98.39
2076,20.76,83.65,913010.1300000007,98.4
2077,20.77,83.3,913093.4300000007,98.41
2078,20.78,83.1,913176.5300000007,98.42
2079,20.79,82.85,913259.3800000007,98.43
2080,20.8,82.8,913342.1800000007,98.44
2081,20.81,82.65,913424.8300000008,98.45
2082,20.82,82.6,913507.4300000007,98.46
2083,20.83,81.9,913589.3300000008,98.47
2084,20.84,81.75,913671.0800000008,98.47
2085,20.85,81.5,913752.5800000008,98.48
2086,20.86,81.5,913834.0800000008,98.49
2087,20.87,80.8,913914.8800000008,98.5
2088,20.88,80.7,913995.5800000008,98.51
2089,20.89,80.4,914075.9800000008,98.52
2090,20.9,80.3,914156.2800000008,98.53
2091,20.91,79.75,914236.0300000008,98.54
2092,20.92,79.6,914315.6300000008,98.54
2093,20.93,79.15,914394.7800000008,98.55
2094,20.94,79.05,914473.8300000009,98.56
2095,20.95,78.75,914552.5800000009,98.57
2096,20.96,78.45,914631.0300000008,98.58
2097,20.97,78.35,914709.3800000008,98.59
2098,20.98,78.35,914787.7300000008,98.59
2099,20.99,78.35,914866.0800000008,98.6
2100,21.0,78.2,914944.2800000007,98.61
2101,21.01,77.85,915022.1300000007,98.62
2102,21.02,77.1,915099.2300000007,98.63
2103,21.03,77.05,915176.2800000007,98.64
2104,21.04,77.0,915253.2800000007,98.64
2105,21.05,76.85,915330.1300000007,98.65
2106,21.06,76.65,915406.7800000007,98.66
2107,21.07,76.65,915483.4300000007,98.67
2108,21.08,76.55,915559.9800000008,98.68
2109,21.09,75.2,915635.1800000007,98.69
2110,21.1,75.05,915710.2300000008,98.69
2111,21.11,74.7,915784.9300000007,98.7
2112,21.12,74.65,915859.5800000008,98.71
2113,21.13,73.85,915933.4300000007,98.72
2114,21.14,72.65,916006.0800000008,98.73
2115,21.15,72.4,916078.4800000008,98.73
2116,21.16,72.25,916150.7300000008,98.74
2117,21.17,71.85,916222.5800000008,98.75
2118,21.18,71.8,916294.3800000008,98.76
2119,21.19,71.75,916366.1300000008,98.76
2120,21.2,71.5,916437.6300000008,98.77
2121,21.21,71.4,916509.0300000008,98.78
2122,21.22,71.25,916580.2800000008,98.79
2123,21.23,71.2,916651.4800000008,98.8
2124,21.24,71.15,916722.6300000008,98.8
2125,21.25,71.1,916793.7300000008,98.81
2126,21.26,70.6,916864.3300000008,98.82
2127,21.27,70.3,916934.6300000008,98.83
2128,21.28,70.1,917004.7300000008,98.83
2129,21.29,70.1,917074.8300000008,98.84
2130,21.3,70.1,917144.9300000007,98.85
2131,21.31,69.85,917214.7800000007,98.86
2132,21.32,69.75,917284.5300000007,98.86
2133,21.33,69.55,917354.0800000008,98.87
2134,21.34,69.55,917423.6300000008,98.88
2135,21.35,69.5,917493.1300000008,98.89
2136,21.36,68.8,917561.9300000009,98.89
2137,21.37,68.55,917630.4800000009,98.9
2138,21.38,68.55,917699.030000001,98.91
2139,21.39,68.45,917767.4800000009,98.92
2140,21.4,68.4,917835.8800000009,98.92
2141,21.41,68.05,917903.930000001,98.93
2142,21.42,68.05,917971.980000001,98.94
2143,21.43,67.8,918039.7800000011,98.95
2144,21.44,67.8,918107.5800000011,98.95
2145,21.45,67.6,918175.1800000011,98.96
2146,21.46,67.05,918242.2300000011,98.97
2147,21.47,66.75,918308.9800000011,98.97
2148,21.48,66.1,918375.0800000011,98.98
2149,21.49,66.0,918441.0800000011,98.99
2150,21.5,65.95,918507.0300000011,99.0
2151,21.51,65.75,918572.7800000011,99.0
2152,21.52,65.6,918638.380000001,99.01
2153,21.53,65.5,918703.880000001,99.02
2154,21.54,65.5,918769.380000001,99.02
2155,21.55,65.2,918834.580000001,99.03
2156,21.56,64.7,918899.280000001,99.04
2157,21.57,64.5,918963.780000001,99.04
2158,21.58,64.3,919028.080000001,99.05
2159,21.59,63.7,919091.780000001,99.06
2160,21.6,63.7,919155.4800000009,99.07
2161,21.61,63.35,919218.8300000009,99.07
2162,21.62,63.05,919281.8800000009,99.08
2163,21.63,62.7,919344.5800000009,99.09
2164,21.64,62.5,919407.0800000009,99.09
2165,21.65,62.25,919469.3300000009,99.1
2166,21.66,62.15,919531.4800000009,99.11
2167,21.67,62.0,919593.4800000009,99.11
2168,21.68,61.9,919655.3800000009,99.12
2169,21.69,61.9,919717.280000001,99.13
2170,21.7,61.7,919778.9800000009,99.13
2171,21.71,60.95,919839.9300000009,99.14
2172,21.72,60.5,919900.4300000009,99.15
2173,21.73,60.3,919960.7300000009,99.15
2174,21.74,60.05,920020.780000001,99.16
2175,21.75,59.55,920080.330000001,99.16
2176,21.76,59.15,920139.480000001,99.17
2177,21.77,58.95,920198.430000001,99.18
2178,21.78,58.9,920257.330000001,99.18
2179,21.79,58.7,920316.030000001,99.19
2180,21.8,58.35,920374.3800000009,99.2
2181,21.81,58.3,920432.680000001,99.2
2182,21.82,58.3,920490.980000001,99.21
2183,21.83,58.0,920548.980000001,99.22
2184,21.84,57.95,920606.930000001,99.22
2185,21.85,57.65,920664.580000001,99.23
2186,21.86,57.55,920722.130000001,99.23
2187,21.87,57.35,920779.480000001,99.24
2188,21.88,57.3,920836.7800000011,99.25
2189,21.89,57.2,920893.980000001,99.25
2190,21.9,57.05,920951.0300000011,99.26
2191,21.91,56.6,921007.630000001,99.26
2192,21.92,56.35,921063.980000001,99.27
2193,21.93,56.15,921120.130000001,99.28
2194,21.94,55.55,921175.6800000011,99.28
2195,21.95,55.55,921231.2300000011,99.29
2196,21.96,55.1,921286.3300000011,99.29
2197,21.97,54.8,921341.1300000012,99.3
2198,21.98,54.7,921395.8300000011,99.31
2199,21.99,54.45,921450.2800000011,99.31
2200,22.0,54.15,921504.4300000011,99.32
2201,22.01,54.05,921558.4800000011,99.32
2202,22.02,53.95,921612.4300000011,99.33
2203,22.03,53.75,921666.1800000011,99.34
2204,22.04,53.35,921719.5300000011,99.34
2205,22.05,53.25,921772.7800000011,99.35
2206,22.06,53.25,921826.0300000011,99.35
2207,22.07,53.2,921879.230000001,99.36
2208,22.08,52.95,921932.180000001,99.36
2209,22.09,52.7,921984.8800000009,99.37
2210,22.1,52.7,922037.5800000009,99.38
2211,22.11,52.6,922090.1800000009,99.38
2212,22.12,52.45,922142.6300000008,99.39
2213,22.13,52.45,922195.0800000008,99.39
2214,22.14,52.3,922247.3800000008,99.4
2215,22.15,51.9,922299.2800000008,99.4
2216,22.16,51.65,922350.9300000009,99.41
2217,22.17,51.2,922402.1300000008,99.42
2218,22.18,51.2,922453.3300000008,99.42
2219,22.19,50.95,922504.2800000007,99.43
2220,22.2,50.6,922554.8800000007,99.43
2221,22.21,50.6,922605.4800000007,99.44
2222,22.22,50.35,922655.8300000007,99.44
2223,22.23,50.3,922706.1300000007,99.45
2224,22.24,50.0,922756.1300000007,99.45
2225,22.25,50.0,922806.1300000007,99.46
2226,22.26,49.75,922855.8800000007,99.46
2227,22.27,49.45,922905.3300000007,99.47
2228,22.28,49.4,922954.7300000007,99.47
2229,22.29,49.1,923003.8300000007,99.48
2230,22.3,49.05,923052.8800000007,99.49
2231,22.31,48.9,923101.7800000007,99.49
2232,22.32,47.5,923149.2800000007,99.5
2233,22.33,47.35,923196.6300000007,99.5
2234,22.34,47.3,923243.9300000007,99.51
2235,22.35,47.3,923291.2300000008,99.51
2236,22.36,47.25,923338.4800000008,99.52
2237,22.37,47.2,923385.6800000007,99.52
2238,22.38,46.6,923432.2800000007,99.53
2239,22.39,46.35,923478.6300000007,99.53
2240,22.4,46.3,923524.9300000007,99.54
2241,22.41,46.15,923571.0800000008,99.54
2242,22.42,45.9,923616.9800000008,99.55
2243,22.43,45.65,923662.6300000008,99.55
2244,22.44,45.65,923708.2800000008,99.56
2245,22.45,45.6,923753.8800000008,99.56
2246,22.46,45.05,923798.9300000009,99.57
2247,22.47,44.7,923843.6300000008,99.57
2248,22.48,44.65,923888.2800000008,99.58
2249,22.49,44.45,923932.7300000008,99.58
2250,22.5,44.25,923976.9800000008,99.58
2251,22.51,43.95,924020.9300000007,99.59
2252,22.52,43.9,924064.8300000008,99.59
2253,22.53,43.7,924108.5300000007,99.6
2254,22.54,43.7,924152.2300000007,99.6
2255,22.55,43.3,924195.5300000007,99.61
2256,22.56,43.2,924238.7300000007,99.61
2257,22.57,43.2,924281.9300000006,99.62
2258,22.58,43.05,924324.9800000007,99.62
2259,22.59,42.7,924367.6800000006,99.63
2260,22.6,42.55,924410.2300000007,99.63
2261,22.61,42.45,924452.6800000006,99.64
2262,22.62,42.2,924494.8800000006,99.64
2263,22.63,42.05,924536.9300000006,99.65
2264,22.64,41.85,924578.7800000006,99.65
2265,22.65,41.55,924620.3300000007,99.65
2266,22.66,41.15,924661.4800000007,99.66
2267,22.67,41.0,924702.4800000007,99.66
2268,22.68,40.9,924743.3800000007,99.67
2269,22.69,40.75,924784.1300000007,99.67
2270,22.7,40.6,924824.7300000007,99.68
2271,22.71,40.6,924865.3300000007,99.68
2272,22.72,40.2,924905.5300000006,99.69
2273,22.73,40.1,924945.6300000006,99.69
2274,22.74,39.65,924985.2800000006,99.69
2275,22.75,39.4,925024.6800000006,99.7
2276,22.76,39.35,925064.0300000006,99.7
2277,22.77,39.1,925103.1300000006,99.71
2278,22.78,39.1,925142.2300000006,99.71
2279,22.79,38.85,925181.0800000005,99.71
2280,22.8,38.5,925219.5800000005,99.72
2281,22.81,38.2,925257.7800000005,99.72
2282,22.82,38.0,925295.7800000005,99.73
2283,22.83,38.0,925333.7800000005,99.73
2284,22.84,37.8,925371.5800000005,99.74
2285,22.85,37.5,925409.0800000005,99.74
2286,22.86,37.35,925446.4300000005,99.74
2287,22.87,37.3,925483.7300000006,99.75
2288,22.88,37.3,925521.0300000006,99.75
2289,22.89,36.8,925557.8300000007,99.76
2290,22.9,36.4,925594.2300000007,99.76
2291,22.91,36.35,925630.5800000007,99.76
2292,22.92,36.1,925666.6800000006,99.77
2293,22.93,35.85,925702.5300000006,99.77
2294,22.94,35.85,925738.3800000006,99.77
2295,22.95,35.6,925773.9800000006,99.78
2296,22.96,35.55,925809.5300000006,99.78
2297,22.97,35.4,925844.9300000006,99.79
2298,22.98,34.65,925879.5800000007,99.79
2299,22.99,34.65,925914.2300000007,99.79
2300,23.0,34.15,925948.3800000007,99.8
2301,23.01,34.05,925982.4300000007,99.8
2302,23.02,33.55,926015.9800000008,99.8
2303,23.03,33.55,926049.5300000008,99.81
2304,23.04,33.45,926082.9800000008,99.81
2305,23.05,33.3,926116.2800000008,99.82
2306,23.06,33.25,926149.5300000008,99.82
2307,23.07,33.2,926182.7300000008,99.82
2308,23.08,32.85,926215.5800000008,99.83
2309,23.09,31.7,926247.2800000007,99.83
2310,23.1,31.45,926278.7300000007,99.83
2311,23.11,30.95,926309.6800000006,99.84
2312,23.12,30.8,926340.4800000007,99.84
2313,23.13,30.65,926371.1300000007,99.84
2314,23.14,30.55,926401.6800000007,99.85
2315,23.15,30.35,926432.0300000007,99.85
2316,23.16,30.35,926462.3800000007,99.85
2317,23.17,29.8,926492.1800000007,99.86
2318,23.18,29.2,926521.3800000007,99.86
2319,23.19,28.85,926550.2300000007,99.86
2320,23.2,28.1,926578.3300000007,99.87
2321,23.21,27.95,926606.2800000006,99.87
2322,23.22,27.8,926634.0800000007,99.87
2323,23.23,27.75,926661.8300000007,99.87
2324,23.24,27.0,926688.8300000007,99.88
2325,23.25,26.75,926715.5800000007,99.88
2326,23.26,25.95,926741.5300000006,99.88
2327,23.27,25.65,926767.1800000006,99.89
2328,23.28,25.55,926792.7300000007,99.89
2329,23.29,25.25,926817.9800000007,99.89
2330,23.3,25.25,926843.2300000007,99.89
2331,23.31,25.2,926868.4300000006,99.9
2332,23.32,25.1,926893.5300000006,99.9
2333,23.33,24.8,926918.3300000007,99.9
2334,23.34,24.55,926942.8800000007,99.9
2335,23.35,24.55,926967.4300000007,99.91
2336,23.36,24.15,926991.5800000008,99.91
2337,23.37,24.0,927015.5800000008,99.91
2338,23.38,23.4,927038.9800000008,99.91
2339,23.39,23.4,927062.3800000008,99.92
2340,23.4,23.2,927085.5800000008,99.92
2341,23.41,23.0,927108.5800000008,99.92
2342,23.42,22.9,927131.4800000008,99.92
2343,23.43,22.3,927153.7800000008,99.93
2344,23.44,21.85,927175.6300000008,99.93
2345,23.45,21.75,927197.3800000008,99.93
2346,23.46,21.65,927219.0300000008,99.93
2347,23.47,21.5,927240.5300000008,99.94
2348,23.48,21.0,927261.5300000008,99.94
2349,23.49,20.15,927281.6800000009,99.94
2350,23.5,19.8,927301.4800000009,99.94
2351,23.51,19.35,927320.8300000009,99.95
2352,23.52,19.2,927340.0300000008,99.95
2353,23.53,18.35,927358.3800000008,99.95
2354,23.54,18.3,927376.6800000009,99.95
2355,23.55,18.2,927394.8800000008,99.95
2356,23.56,17.05,927411.9300000009,99.96
2357,23.57,16.45,927428.3800000008,99.96
2358,23.58,16.4,927444.7800000008,99.96
2359,23.59,16.4,927461.1800000009,99.96
2360,23.6,16.1,927477.2800000008,99.96
2361,23.61,15.65,927492.9300000009,99.96
2362,23.62,15.3,927508.2300000009,99.97
2363,23.63,15.1,927523.3300000009,99.97
2364,23.64,15.1,927538.4300000009,99.97
2365,23.65,14.65,927553.0800000009,99.97
2366,23.66,14.25,927567.3300000009,99.97
2367,23.67,14.25,927581.5800000009,99.97
2368,23.68,13.9,927595.4800000009,99.97
2369,23.69,13.6,927609.0800000009,99.98
2370,23.7,13.55,927622.6300000009,99.98
2371,23.71,13.1,927635.7300000009,99.98
2372,23.72,12.45,927648.1800000009,99.98
2373,23.73,12.15,927660.3300000009,99.98
2374,23.74,11.7,927672.0300000008,99.98
2375,23.75,11.65,927683.6800000009,99.98
2376,23.76,11.55,927695.2300000009,99.99
2377,23.77,10.6,927705.8300000009,99.99
2378,23.78,10.2,927716.0300000008,99.99
2379,23.79,9.3,927725.3300000009,99.99
2380,23.8,9.15,927734.4800000009,99.99
2381,23.81,8.6,927743.0800000009,99.99
2382,23.82,8.05,927751.1300000009,99.99
2383,23.83,7.95,927759.0800000009,99.99
2384,23.84,7.8,927766.8800000009,99.99
2385,23.85,7.8,927774.680000001,99.99
2386,23.86,7.4,927782.080000001,100.0
2387,23.87,7.05,927789.130000001,100.0
2388,23.88,6.95,927796.080000001,100.0
2389,23.89,5.4,927801.480000001,100.0
2390,23.9,5.05,927806.5300000011,100.0
2391,23.91,4.45,927810.980000001,100.0
2392,23.92,4.25,927815.230000001,100.0
2393,23.93,3.6,927818.830000001,100.0
2394,23.94,2.5,927821.330000001,100.0
2395,23.95,2.35,927823.680000001,100.0
2396,23.96,2.3,927825.980000001,100.0
2397,23.97,1.85,927827.830000001,100.0
